symbol,name,venue,industry,listed_on,source
000020,동화약품,유가,의약품 제조업,1976-03-24,krx-kind
000040,KR모터스,유가,그외 기타 운송장비 제조업,1976-05-25,krx-kind
000050,경방,유가,종합 소매업,1956-03-03,krx-kind
000070,삼양홀딩스,유가,기타 금융업,1968-12-27,krx-kind
000080,하이트진로,유가,알코올음료 제조업,2009-10-19,krx-kind
000100,유한양행,유가,의약품 제조업,1962-11-01,krx-kind
000120,CJ대한통운,유가,도로 화물 운송업,1956-07-02,krx-kind
000140,하이트진로홀딩스,유가,기타 금융업,1973-09-19,krx-kind
000150,두산,유가,전자부품 제조업,1973-06-29,krx-kind
000180,성창기업지주,유가,회사 본부 및 경영 컨설팅 서비스업,1976-06-02,krx-kind
0001A0,덕양에너젠,코스닥,연료용 가스 제조 및 배관공급업,2026-01-30,krx-kind
000210,DL,유가,기초 화학물질 제조업,1976-02-02,krx-kind
000220,유유제약,유가,의약품 제조업,1975-11-18,krx-kind
000230,일동홀딩스,유가,의약품 제조업,1975-06-28,krx-kind
000240,한국앤컴퍼니,유가,기타 금융업,1968-12-27,krx-kind
000250,삼천당제약,코스닥,의약품 제조업,2000-10-04,krx-kind
000270,기아,유가,자동차용 엔진 및 자동차 제조업,1973-07-21,krx-kind
000300,DH오토넥스,유가,자동차 신품 부품 제조업,1975-06-09,krx-kind
000320,노루홀딩스,유가,기타 금융업,1973-08-10,krx-kind
000370,한화손해보험,유가,보험업,1975-06-30,krx-kind
000390,SP삼화,유가,기타 화학제품 제조업,1993-09-10,krx-kind
000400,롯데손해보험,유가,보험업,1971-04-16,krx-kind
000430,대원강업,유가,자동차 신품 부품 제조업,1977-06-22,krx-kind
000440,중앙에너비스,코스닥,기타 전문 도매업,1993-03-24,krx-kind
000480,시알홀딩스,유가,"내화, 비내화 요업제품 제조업",1978-06-30,krx-kind
000490,대동,유가,특수 목적용 기계 제조업,1975-06-27,krx-kind
0004V0,엔비알모션,코스닥,기타 금속 가공제품 제조업,2026-01-14,krx-kind
0004Y0,디비금융제14호스팩,코스닥,기타 금융업,2025-07-22,krx-kind
000500,가온전선,유가,절연선 및 케이블 제조업,1987-06-08,krx-kind
000520,삼일제약,유가,의약품 제조업,1985-05-29,krx-kind
000540,흥국화재,유가,보험업,1974-12-05,krx-kind
000590,CS홀딩스,유가,기타 금융업,1975-12-22,krx-kind
000640,동아쏘시오홀딩스,유가,기타 금융업,1970-02-10,krx-kind
000650,천일고속,유가,육상 여객 운송업,1977-06-23,krx-kind
000660,SK하이닉스,유가,반도체 제조업,1996-12-26,krx-kind
000670,영풍,유가,1차 비철금속 제조업,1976-06-12,krx-kind
000680,LS네트웍스,유가,상품 종합 도매업,1973-11-15,krx-kind
000700,유수홀딩스,유가,회사 본부 및 경영 컨설팅 서비스업,1956-03-03,krx-kind
000720,현대건설,유가,토목 건설업,1984-12-22,krx-kind
000760,이화산업,유가,기타 전문 도매업,1994-04-29,krx-kind
0007C0,아크릴,코스닥,소프트웨어 개발 및 공급업,2025-12-16,krx-kind
0007J0,인벤테라,코스닥,자연과학 및 공학 연구개발업,2026-04-02,krx-kind
000810,삼성화재해상보험,유가,보험업,1975-06-30,krx-kind
000850,화천기공,유가,특수 목적용 기계 제조업,1999-11-18,krx-kind
000860,강남제비스코,유가,기타 화학제품 제조업,1975-11-12,krx-kind
000880,한화,유가,기타 화학제품 제조업,1976-06-24,krx-kind
000890,보해양조,유가,알코올음료 제조업,1988-09-23,krx-kind
0008Z0,에스엔시스,코스닥,"전동기, 발전기 및 전기 변환 · 공급 · 제어 장치 제조업",2025-08-19,krx-kind
000910,유니온,유가,"시멘트, 석회, 플라스터 및 그 제품 제조업",1996-07-03,krx-kind
000950,전방,유가,방적 및 가공사 제조업,1968-10-21,krx-kind
000970,한국주철관공업,유가,1차 철강 제조업,1969-12-12,krx-kind
000990,DB하이텍,유가,반도체 제조업,1975-12-12,krx-kind
0009K0,에임드바이오,코스닥,자연과학 및 공학 연구개발업,2025-12-04,krx-kind
001000,신라섬유,코스닥,부동산 임대 및 공급업,1994-06-28,krx-kind
001020,페이퍼코리아,유가,"펄프, 종이 및 판지 제조업",1976-06-26,krx-kind
001040,CJ,유가,기타 금융업,1973-06-29,krx-kind
001060,JW중외제약,유가,의약품 제조업,1976-06-14,krx-kind
001070,대한방직,유가,직물직조 및 직물제품 제조업,1973-12-28,krx-kind
001080,만호제강,유가,1차 철강 제조업,1977-06-18,krx-kind
0010F0,보원케미칼,코스닥,플라스틱제품 제조업,2026-04-03,krx-kind
0010S0,와이즈플래닛컴퍼니,코스닥,기타 생활용품 소매업,2026-09-23,krx-kind
0010V0,제이피아이헬스케어,코스닥,의료용 기기 제조업,2025-08-21,krx-kind
001120,LX인터내셔널,유가,상품 중개업,1976-01-30,krx-kind
001130,대한제분,유가,"곡물가공품, 전분 및 전분제품 제조업",1970-11-25,krx-kind
0011A0,액스비스,코스닥,기타 전기장비 제조업,2026-03-09,krx-kind
0011T0,채비,코스닥,"전동기, 발전기 및 전기 변환 · 공급 · 제어 장치 제조업",2026-04-29,krx-kind
001200,유진증권,유가,금융 지원 서비스업,1987-08-24,krx-kind
001210,금호전기,유가,전구 및 조명장치 제조업,1973-11-15,krx-kind
001230,동국홀딩스,유가,기타 금융업,1988-05-09,krx-kind
001250,GS글로벌,유가,상품 종합 도매업,1976-06-26,krx-kind
001260,남광토건,유가,토목 건설업,1976-12-28,krx-kind
001270,부국증권,유가,금융 지원 서비스업,1988-07-19,krx-kind
001290,상상인증권,유가,금융 지원 서비스업,1988-09-23,krx-kind
001340,PKC,유가,기초 화학물질 제조업,1976-06-10,krx-kind
001360,삼성제약,유가,의약품 제조업,1975-07-04,krx-kind
001380,SG글로벌,유가,자동차 신품 부품 제조업,1976-06-29,krx-kind
001390,KG케미칼,유가,기초 화학물질 제조업,1989-08-25,krx-kind
0013V0,삼진식품,코스닥,수산물 가공 및 저장 처리업,2025-12-22,krx-kind
001420,태원물산,유가,자동차 신품 부품 제조업,1975-06-24,krx-kind
001430,세아베스틸지주,유가,1차 철강 제조업,1991-03-12,krx-kind
001440,대한전선,유가,절연선 및 케이블 제조업,1968-12-27,krx-kind
001450,현대해상,유가,보험업,1989-08-25,krx-kind
001460,BYC,유가,봉제의복 제조업,1975-06-02,krx-kind
001470,삼부토건,유가,토목 건설업,1976-06-26,krx-kind
001500,현대차증권,유가,금융 지원 서비스업,1990-06-09,krx-kind
001510,SK증권,유가,금융 지원 서비스업,1986-09-20,krx-kind
001520,동양,유가,"시멘트, 석회, 플라스터 및 그 제품 제조업",1976-06-25,krx-kind
001530,디아이동일,유가,상품 중개업,1964-01-04,krx-kind
001540,안국약품,코스닥,의약품 제조업,2000-06-15,krx-kind
001550,조비,유가,"비료, 농약 및 살균, 살충제 제조업",1976-12-28,krx-kind
001560,제일연마,유가,기타 비금속 광물제품 제조업,2005-12-09,krx-kind
001570,금양,유가,기초 화학물질 제조업,1976-12-17,krx-kind
0015G0,그린광학,코스닥,사진장비 및 광학기기 제조업,2025-11-17,krx-kind
0015N0,아로마티카,코스닥,기타 화학제품 제조업,2025-11-27,krx-kind
0015S0,페스카로,코스닥,"그외 기타 전문, 과학 및 기술 서비스업",2025-12-10,krx-kind
001620,케이비아이동국실업,유가,자동차 신품 부품 제조업,1990-09-15,krx-kind
001630,종근당홀딩스,유가,의약품 제조업,1976-06-30,krx-kind
001680,대상,유가,기타 식품 제조업,1970-04-01,krx-kind
001720,신영증권,유가,금융 지원 서비스업,1987-08-24,krx-kind
001740,SK네트웍스,유가,기타 전문 도매업,1977-06-30,krx-kind
001750,한양증권,유가,금융 지원 서비스업,1988-03-04,krx-kind
001770,SHD,유가,1차 철강 제조업,1988-11-23,krx-kind
001780,알루코,유가,1차 비철금속 제조업,2007-06-07,krx-kind
001790,대한제당,유가,"곡물가공품, 전분 및 전분제품 제조업",1968-12-27,krx-kind
0017J0,세미티에스,코스닥,특수 목적용 기계 제조업,2026-06-10,krx-kind
001800,오리온홀딩스,유가,기타 금융업,1975-06-27,krx-kind
001810,무림SP,코스닥,"펄프, 종이 및 판지 제조업",2000-01-04,krx-kind
001820,삼화콘덴서공업,유가,전자부품 제조업,1976-06-26,krx-kind
001840,이화공영,코스닥,건물 건설업,1994-11-23,krx-kind
001940,KISCO홀딩스,유가,1차 철강 제조업,1989-11-13,krx-kind
002020,코오롱,유가,기타 금융업,1975-06-23,krx-kind
002030,아세아,유가,회사 본부 및 경영 컨설팅 서비스업,1974-06-03,krx-kind
002070,비비안,유가,봉제의복 제조업,1976-07-13,krx-kind
002100,경농,유가,"비료, 농약 및 살균, 살충제 제조업",1977-06-30,krx-kind
002140,고려산업,유가,"곡물가공품, 전분 및 전분제품 제조업",1991-01-14,krx-kind
002150,도화엔지니어링,유가,"건축기술, 엔지니어링 및 관련 기술 서비스업",2010-08-12,krx-kind
002170,SYTS,유가,"가죽, 가방 및 유사제품 제조업",1989-11-10,krx-kind
002200,한국수출포장공업,유가,"골판지, 종이 상자 및 종이용기 제조업",1974-06-28,krx-kind
002210,동성제약,유가,의약품 제조업,1990-01-19,krx-kind
002220,한일철강,유가,1차 철강 제조업,1988-10-07,krx-kind
002230,피에스텍,코스닥,"측정, 시험, 항해, 제어 및 기타 정밀기기 제조업; 광학기기 제외",1991-01-04,krx-kind
002240,고려제강,유가,1차 철강 제조업,1976-05-25,krx-kind
002290,삼일기업공사,코스닥,건물 건설업,1992-11-30,krx-kind
002310,아세아제지,유가,"골판지, 종이 상자 및 종이용기 제조업",1988-12-15,krx-kind
002320,한진,유가,도로 화물 운송업,1974-08-12,krx-kind
002350,넥센타이어,유가,고무제품 제조업,1976-05-19,krx-kind
002360,SH에너지화학,유가,기초 화학물질 제조업,1985-12-23,krx-kind
002380,케이씨씨,유가,기타 화학제품 제조업,1973-06-25,krx-kind
002390,한독,유가,의약품 제조업,1976-06-30,krx-kind
002410,범양건영,유가,건물 건설업,1988-05-25,krx-kind
002420,우양피앤엘,유가,연료 소매업,1968-12-27,krx-kind
002450,삼익악기,유가,악기 제조업,1988-09-30,krx-kind
002460,HS화성,유가,건물 건설업,1988-09-29,krx-kind
002600,조흥,유가,기타 식품 제조업,1976-12-23,krx-kind
002620,제일파마홀딩스,유가,회사 본부 및 경영 컨설팅 서비스업,1988-01-20,krx-kind
002630,오리엔트바이오,유가,의약품 제조업,1976-12-28,krx-kind
002680,한탑,코스닥,"곡물가공품, 전분 및 전분제품 제조업",1995-07-07,krx-kind
002690,동일제강,유가,1차 철강 제조업,2015-09-24,krx-kind
002700,신일전자,유가,기계장비 및 관련 물품 도매업,1975-09-30,krx-kind
002710,TCC스틸,유가,1차 철강 제조업,1984-12-21,krx-kind
002720,국제약품,유가,의약품 제조업,1975-12-27,krx-kind
002760,보락,유가,기타 화학제품 제조업,1989-11-30,krx-kind
002780,진흥기업,유가,토목 건설업,1977-06-25,krx-kind
002790,아모레퍼시픽홀딩스,유가,기타 화학제품 제조업,1973-04-30,krx-kind
002800,신신제약,코스닥,의약품 제조업,2017-02-28,krx-kind
002810,삼영무역,유가,기타 전문 도매업,1988-03-28,krx-kind
002820,SUN&L,유가,플라스틱제품 제조업,1976-05-22,krx-kind
002840,미원상사,유가,기타 화학제품 제조업,1989-09-25,krx-kind
002870,신풍,유가,기타 전문 도매업,1976-06-30,krx-kind
002880,디와이에이,유가,자동차 신품 부품 제조업,1977-02-18,krx-kind
002900,TYM,유가,특수 목적용 기계 제조업,1973-06-26,krx-kind
002920,유성기업,유가,자동차 신품 부품 제조업,1988-10-10,krx-kind
002960,한국쉘석유,유가,석유 정제품 제조업,1988-08-10,krx-kind
002990,금호건설,유가,건물 건설업,1976-06-26,krx-kind
003000,부광약품,유가,의약품 제조업,1988-08-05,krx-kind
003010,혜인,유가,기계장비 및 관련 물품 도매업,1988-09-20,krx-kind
003030,세아제강지주,유가,기타 금융업,1969-05-13,krx-kind
003060,에이프로젠바이오로직스,유가,의약품 제조업,1984-10-19,krx-kind
003070,코오롱글로벌,유가,토목 건설업,1978-09-15,krx-kind
003080,SB성보,유가,"비료, 농약 및 살균, 살충제 제조업",1976-12-23,krx-kind
003090,대웅,유가,의약품 제조업,1973-06-26,krx-kind
0030R0,대신밸류리츠,유가,신탁업 및 집합투자업,2025-07-10,krx-kind
003100,선광,코스닥,기타 운송관련 서비스업,1999-12-21,krx-kind
003120,일성아이에스,유가,의약품 제조업,1985-01-14,krx-kind
003160,디아이,유가,"측정, 시험, 항해, 제어 및 기타 정밀기기 제조업; 광학기기 제외",1996-07-31,krx-kind
003200,일신방직,유가,방적 및 가공사 제조업,1973-05-23,krx-kind
003220,대원제약,유가,의약품 제조업,1999-12-15,krx-kind
003230,삼양식품,유가,기타 식품 제조업,1975-06-30,krx-kind
003240,태광산업,유가,화학섬유 제조업,1975-12-27,krx-kind
003280,흥아해운,유가,해상 운송업,1976-06-29,krx-kind
003300,한일홀딩스,유가,"시멘트, 석회, 플라스터 및 그 제품 제조업",1969-11-20,krx-kind
003310,대주산업,코스닥,동물용 사료 및 조제식품 제조업,1992-08-01,krx-kind
003350,한국화장품제조,유가,기타 화학제품 제조업,1978-02-06,krx-kind
003380,하림지주,코스닥,기타 금융업,2017-06-30,krx-kind
003460,유화증권,유가,금융 지원 서비스업,1987-08-24,krx-kind
003470,유안타증권,유가,금융 지원 서비스업,1988-01-21,krx-kind
003480,한진중공업홀딩스,유가,연료용 가스 제조 및 배관공급업,1956-03-03,krx-kind
003490,대한항공,유가,항공 여객 운송업,1966-03-18,krx-kind
003520,영진약품,유가,의약품 제조업,1973-06-25,krx-kind
003530,한화투자증권,유가,금융 지원 서비스업,1986-11-25,krx-kind
003540,대신증권,유가,금융 지원 서비스업,1975-10-01,krx-kind
003550,LG,유가,기타 금융업,1970-02-13,krx-kind
003570,SNT다이내믹스,유가,자동차 신품 부품 제조업,1976-07-08,krx-kind
003580,HLB글로벌,유가,종합 소매업,1990-03-23,krx-kind
003610,방림,유가,직물직조 및 직물제품 제조업,1989-05-30,krx-kind
003620,KG모빌리티,유가,자동차용 엔진 및 자동차 제조업,1975-05-29,krx-kind
003650,미창석유공업,유가,석유 정제품 제조업,1989-09-27,krx-kind
003670,포스코퓨처엠,유가,일차전지 및 이차전지 제조업,2019-05-29,krx-kind
003680,한성기업,유가,수산물 가공 및 저장 처리업,1989-01-26,krx-kind
003690,코리안리,유가,재 보험업,1969-12-22,krx-kind
003720,삼영,유가,플라스틱제품 제조업,1976-06-30,krx-kind
003780,진양산업,유가,플라스틱제품 제조업,1973-06-26,krx-kind
0037T0,KB제32호스팩,코스닥,금융 지원 서비스업,2025-07-04,krx-kind
003800,에이스침대,코스닥,가구 제조업,1996-05-03,krx-kind
003830,대한화섬,유가,화학섬유 제조업,1985-12-23,krx-kind
003850,보령,유가,의약품 제조업,1988-10-24,krx-kind
003920,남양유업,유가,동·식물성 유지 및 낙농제품 제조업,1978-06-24,krx-kind
003960,사조대림,유가,수산물 가공 및 저장 처리업,1976-09-16,krx-kind
0039P0,매드업,코스닥,광고업,2026-07-01,krx-kind
004000,롯데정밀화학,유가,기초 화학물질 제조업,1976-04-15,krx-kind
004020,현대제철,유가,1차 철강 제조업,1987-05-23,krx-kind
004060,SG세계물산,유가,상품 종합 도매업,1976-04-19,krx-kind
004080,신흥,유가,기계장비 및 관련 물품 도매업,1991-02-08,krx-kind
004090,한국석유공업,유가,기타 비금속 광물제품 제조업,1977-06-25,krx-kind
004100,태양금속공업,유가,자동차 신품 부품 제조업,1976-05-25,krx-kind
004140,동방,유가,기타 운송관련 서비스업,1988-08-10,krx-kind
004150,한솔홀딩스,유가,기타 금융업,1972-05-17,krx-kind
004170,신세계,유가,종합 소매업,1985-08-19,krx-kind
0041B0,교보18호스팩,코스닥,금융 지원 서비스업,2025-08-14,krx-kind
0041J0,엘에스스팩1호,코스닥,금융 지원 서비스업,2025-07-22,krx-kind
0041L0,하나35호스팩,코스닥,금융 지원 서비스업,2025-08-06,krx-kind
004250,엔피씨,유가,플라스틱제품 제조업,1969-09-08,krx-kind
004270,남성,유가,기타 전문 도매업,1989-11-14,krx-kind
004310,현대약품,유가,의약품 제조업,1978-06-28,krx-kind
004360,세방,유가,도로 화물 운송업,1977-05-19,krx-kind
004370,농심,유가,기타 식품 제조업,1976-06-30,krx-kind
004380,삼익THK,유가,일반 목적용 기계 제조업,1989-09-26,krx-kind
004410,서울식품공업,유가,기타 식품 제조업,1973-12-28,krx-kind
004430,송원산업,유가,기타 화학제품 제조업,1977-06-25,krx-kind
004440,삼일씨엔에스,유가,"시멘트, 석회, 플라스터 및 그 제품 제조업",2016-03-30,krx-kind
004450,삼화왕관,유가,기타 금속 가공제품 제조업,1976-05-28,krx-kind
004490,세방전지,유가,일차전지 및 이차전지 제조업,1987-11-28,krx-kind
0044K0,삼성스팩10호,코스닥,금융 지원 서비스업,2025-08-21,krx-kind
004540,깨끗한나라,유가,"펄프, 종이 및 판지 제조업",1975-06-25,krx-kind
004560,현대비앤지스틸,유가,1차 철강 제조업,1987-03-24,krx-kind
004590,한국가구,코스닥,기타 상품 전문 소매업,1993-06-03,krx-kind
004650,창해에탄올,코스닥,알코올음료 제조업,2014-07-30,krx-kind
004690,삼천리,유가,연료용 가스 제조 및 배관공급업,1976-12-23,krx-kind
004700,조광피혁,유가,"가죽, 가방 및 유사제품 제조업",1977-05-27,krx-kind
004710,한솔테크닉스,유가,전자부품 제조업,1988-07-06,krx-kind
004720,팜젠사이언스,유가,의약품 제조업,1990-06-15,krx-kind
004770,써니전자,유가,전자부품 제조업,1987-04-22,krx-kind
004780,대륙제관,코스닥,기타 금속 가공제품 제조업,1994-12-29,krx-kind
004800,효성,유가,기타 금융업,1973-06-30,krx-kind
004830,덕성,유가,플라스틱제품 제조업,1987-09-25,krx-kind
004840,DRB동일,유가,고무제품 제조업,1976-05-21,krx-kind
004870,티웨이홀딩스,유가,"시멘트, 석회, 플라스터 및 그 제품 제조업",1977-06-30,krx-kind
004890,동일산업,유가,1차 철강 제조업,2005-06-30,krx-kind
004910,조광페인트,유가,기타 화학제품 제조업,1976-12-27,krx-kind
004920,씨아이테크,유가,영상 및 음향기기 제조업,1989-11-30,krx-kind
004960,한신공영,유가,건물 건설업,1976-07-07,krx-kind
004970,신라교역,유가,어로 어업,1976-06-30,krx-kind
004980,성신양회,유가,"시멘트, 석회, 플라스터 및 그 제품 제조업",1976-06-30,krx-kind
004990,롯데지주,유가,기타 금융업,1974-02-16,krx-kind
005010,휴스틸,유가,1차 철강 제조업,1973-06-29,krx-kind
005030,부산주공,유가,자동차 신품 부품 제조업,1975-12-26,krx-kind
005070,코스모신소재,유가,기타 화학제품 제조업,1987-09-28,krx-kind
005090,SGC에너지,유가,전기업,1993-01-06,krx-kind
005110,한창,유가,기계장비 및 관련 물품 도매업,1976-06-01,krx-kind
005160,동국산업,코스닥,1차 철강 제조업,1999-06-25,krx-kind
005180,빙그레,유가,동·식물성 유지 및 낙농제품 제조업,1978-08-31,krx-kind
005250,녹십자홀딩스,유가,회사 본부 및 경영 컨설팅 서비스업,1978-08-28,krx-kind
005290,동진쎄미켐,코스닥,기초 화학물질 제조업,1999-12-21,krx-kind
005300,롯데칠성음료,유가,비알코올음료 및 얼음 제조업,1973-06-21,krx-kind
005320,온타이드,유가,생활용품 도매업,1996-12-24,krx-kind
005360,모나미,유가,생활용품 도매업,1974-06-26,krx-kind
005380,현대자동차,유가,자동차용 엔진 및 자동차 제조업,1974-06-28,krx-kind
005420,코스모화학,유가,기타 화학제품 제조업,1987-07-23,krx-kind
005430,한국공항,유가,기타 운송관련 서비스업,1976-12-28,krx-kind
005440,현대지에프홀딩스,유가,기타 금융업,1989-08-22,krx-kind
005490,POSCO홀딩스,유가,1차 철강 제조업,1988-06-10,krx-kind
0054V0,엔에이치스팩32호,코스닥,금융 지원 서비스업,2025-12-05,krx-kind
005500,삼진제약,유가,의약품 제조업,1988-06-18,krx-kind
005610,삼립,유가,기타 식품 제조업,1975-05-02,krx-kind
005670,푸드웰,코스닥,"과실, 채소 가공 및 저장 처리업",1993-12-07,krx-kind
005680,삼영전자공업,유가,전자부품 제조업,1976-12-28,krx-kind
005690,파미셀,유가,전자부품 제조업,1988-05-20,krx-kind
005710,대원산업,코스닥,자동차 신품 부품 제조업,1993-06-21,krx-kind
005720,넥센,유가,고무제품 제조업,1987-12-19,krx-kind
005740,크라운해태홀딩스,유가,기타 금융업,1976-06-30,krx-kind
005750,대림바스,유가,"내화, 비내화 요업제품 제조업",1992-12-23,krx-kind
005800,신영와코루,유가,봉제의복 제조업,1976-12-28,krx-kind
005810,풍산홀딩스,유가,기타 금융업,1988-07-28,krx-kind
005820,원림,유가,직물직조 및 직물제품 제조업,1990-04-20,krx-kind
005830,DB손해보험,유가,보험업,1973-06-28,krx-kind
005850,에스엘,유가,자동차 신품 부품 제조업,1988-11-08,krx-kind
005860,한일사료,코스닥,동물용 사료 및 조제식품 제조업,1994-11-07,krx-kind
005870,휴니드테크놀러지스,유가,통신 및 방송 장비 제조업,1991-09-03,krx-kind
005880,대한해운,유가,해상 운송업,1992-04-23,krx-kind
005930,삼성전자,유가,통신 및 방송 장비 제조업,1975-06-11,krx-kind
005940,NH투자증권,유가,금융 지원 서비스업,1975-09-30,krx-kind
005950,이수화학,유가,기초 화학물질 제조업,1988-04-28,krx-kind
005960,동부건설,유가,토목 건설업,1978-10-30,krx-kind
005990,매일홀딩스,코스닥,동·식물성 유지 및 낙농제품 제조업,1999-05-14,krx-kind
006040,동원산업,유가,기타 금융업,1989-03-07,krx-kind
006050,국영지앤엠,코스닥,유리 및 유리제품 제조업,1994-10-07,krx-kind
006060,화승인더스트리,유가,상품 종합 도매업,1991-02-04,krx-kind
006090,사조오양,유가,수산물 가공 및 저장 처리업,1986-12-24,krx-kind
006110,삼아알미늄,유가,1차 비철금속 제조업,1980-12-05,krx-kind
006120,SK디스커버리,유가,기타 금융업,1976-06-29,krx-kind
006140,피제이전자,코스닥,의료용 기기 제조업,1993-12-07,krx-kind
006200,한국전자홀딩스,유가,기타 금융업,1979-11-30,krx-kind
006220,제주은행,유가,은행 및 저축기관,1972-12-28,krx-kind
006260,LS,유가,기타 금융업,1977-06-30,krx-kind
006280,녹십자,유가,의약품 제조업,1989-08-01,krx-kind
006340,대원전선,유가,절연선 및 케이블 제조업,1988-05-04,krx-kind
006360,GS건설,유가,건물 건설업,1981-08-03,krx-kind
006370,대구백화점,유가,종합 소매업,1988-10-10,krx-kind
006400,삼성SDI,유가,일차전지 및 이차전지 제조업,1979-02-27,krx-kind
006490,프리티,유가,전기 통신업,1985-01-17,krx-kind
006570,대림통상,유가,기타 금속 가공제품 제조업,1975-11-20,krx-kind
006620,동구바이오제약,코스닥,의약품 제조업,2018-02-13,krx-kind
006650,대한유화,유가,기초 화학물질 제조업,1999-08-11,krx-kind
006660,삼성공조,유가,자동차 신품 부품 제조업,1987-11-28,krx-kind
006730,서부T&D,코스닥,일반 및 생활 숙박시설 운영업,1995-10-06,krx-kind
006740,블루산업개발,유가,"골판지, 종이 상자 및 종이용기 제조업",1996-07-03,krx-kind
006800,미래에셋증권,유가,금융 지원 서비스업,1975-09-30,krx-kind
006840,AK홀딩스,유가,기타 금융업,1999-08-11,krx-kind
006880,신송홀딩스,유가,산업용 농·축산물 및 동·식물 도매업,2013-11-21,krx-kind
006890,태경케미컬,유가,기초 화학물질 제조업,2003-01-28,krx-kind
0068Y0,비엔케이제3호스팩,코스닥,금융 지원 서비스업,2025-11-21,krx-kind
006910,보성파워텍,코스닥,"구조용 금속제품, 탱크 및 증기발생기 제조업",1994-09-07,krx-kind
006920,모헨즈,코스닥,"시멘트, 석회, 플라스터 및 그 제품 제조업",1989-01-05,krx-kind
006980,우성,유가,"곡물가공품, 전분 및 전분제품 제조업",1988-10-10,krx-kind
007070,GS리테일,유가,종합 소매업,2011-12-23,krx-kind
0070X0,에스테크엠,코넥스,특수 목적용 기계 제조업,2026-04-27,krx-kind
007110,일신석재,유가,"건축자재, 철물 및 난방장치 도매업",1986-03-04,krx-kind
007120,미래아이앤지,유가,"컴퓨터 프로그래밍, 시스템 통합 및 관리업",1999-11-26,krx-kind
007160,사조산업,유가,수산물 가공 및 저장 처리업,1989-07-25,krx-kind
0071M0,삼성스팩11호,코스닥,금융 지원 서비스업,2025-09-30,krx-kind
007210,벽산,유가,기타 비금속 광물제품 제조업,1972-01-04,krx-kind
007280,한국특강,유가,1차 철강 제조업,1989-11-13,krx-kind
0072Z0,KB제33호스팩,코스닥,금융 지원 서비스업,2025-09-30,krx-kind
007310,오뚜기,유가,기타 식품 제조업,1994-08-12,krx-kind
007330,푸른저축은행,코스닥,은행 및 저축기관,1993-12-07,krx-kind
007340,DN오토모티브,유가,일차전지 및 이차전지 제조업,1988-09-24,krx-kind
007370,진양제약,코스닥,의약품 제조업,2000-07-27,krx-kind
007390,네이처셀,코스닥,기초 의약물질 제조업,1992-11-30,krx-kind
007460,에이프로젠,유가,의약품 제조업,1995-07-08,krx-kind
007530,와이엠,코스닥,기타 금속 가공제품 제조업,1994-08-05,krx-kind
007540,샘표,유가,기타 금융업,1976-06-29,krx-kind
007570,일양약품,유가,의약품 제조업,1974-08-28,krx-kind
007590,동방아그로,유가,"비료, 농약 및 살균, 살충제 제조업",1977-06-29,krx-kind
007610,선도전기,유가,"전동기, 발전기 및 전기 변환 · 공급 · 제어 장치 제조업",1989-11-30,krx-kind
007660,이수페타시스,유가,전자부품 제조업,2003-10-07,krx-kind
007680,대원,코스닥,건물 건설업,2017-12-01,krx-kind
007690,국도화학,유가,기초 화학물질 제조업,1989-08-05,krx-kind
007700,F&F 홀딩스,유가,기타 금융업,1984-10-04,krx-kind
007720,소노스퀘어,코스닥,상품 종합 도매업,1994-01-06,krx-kind
007770,한일화학,코스닥,기초 화학물질 제조업,1992-09-07,krx-kind
007810,코리아써키트,유가,전자부품 제조업,1985-09-09,krx-kind
007820,엠엑스로보틱스,코스닥,일반 목적용 기계 제조업,2011-11-08,krx-kind
007860,서연,유가,기타 금융업,1989-09-09,krx-kind
007980,TP,유가,봉제의복 제조업,1994-12-27,krx-kind
008040,사조동아원,유가,"곡물가공품, 전분 및 전분제품 제조업",1989-06-24,krx-kind
008060,대덕,유가,기타 금융업,1989-01-26,krx-kind
008250,이건산업,유가,나무제품 제조업,1988-10-21,krx-kind
008260,NI스틸,유가,1차 철강 제조업,1975-06-28,krx-kind
0082N0,카나프테라퓨틱스,코스닥,자연과학 및 공학 연구개발업,2026-03-16,krx-kind
008350,남선알미늄,유가,1차 비철금속 제조업,1978-05-22,krx-kind
008370,원풍,코스닥,플라스틱제품 제조업,1992-12-18,krx-kind
008420,문배철강,유가,1차 철강 제조업,1994-11-05,krx-kind
008470,부스타,코스닥,"구조용 금속제품, 탱크 및 증기발생기 제조업",2011-02-23,krx-kind
008490,서흥,유가,기타 화학제품 제조업,1990-03-27,krx-kind
008600,윌비스,유가,생활용품 도매업,1989-07-28,krx-kind
008700,아남전자,유가,영상 및 음향기기 제조업,1984-08-11,krx-kind
008730,율촌화학,유가,플라스틱제품 제조업,1988-08-30,krx-kind
008770,호텔신라,유가,기타 상품 전문 소매업,1991-03-12,krx-kind
008830,대동기어,코스닥,특수 목적용 기계 제조업,1991-05-17,krx-kind
008870,금비,유가,유리 및 유리제품 제조업,1990-06-08,krx-kind
0088D0,메리츠제1호스팩,코스닥,금융 지원 서비스업,2025-12-15,krx-kind
0088M0,메쥬,코스닥,의료용 기기 제조업,2026-03-26,krx-kind
008930,한미사이언스,유가,기타 금융업,1988-06-20,krx-kind
008970,KBI동양철관,유가,1차 철강 제조업,1977-03-05,krx-kind
009070,케이씨티시,유가,도로 화물 운송업,1978-09-29,krx-kind
009140,케이아이이,유가,전자부품 제조업,1989-06-20,krx-kind
009150,삼성전기,유가,전자부품 제조업,1979-02-27,krx-kind
009160,SIMPAC,유가,1차 철강 제조업,1989-07-29,krx-kind
009180,한솔로지스틱스,유가,기타 운송관련 서비스업,1989-11-13,krx-kind
009190,대양금속,유가,1차 철강 제조업,1994-04-29,krx-kind
0091W0,신영스팩11호,코스닥,금융 지원 서비스업,2025-11-24,krx-kind
009200,무림페이퍼,유가,"펄프, 종이 및 판지 제조업",1990-06-09,krx-kind
009240,한샘,유가,생활용품 도매업,2002-07-16,krx-kind
009270,신원,유가,봉제의복 제조업,1988-08-24,krx-kind
009290,광동제약,유가,의약품 제조업,1989-11-17,krx-kind
009300,삼아제약,코스닥,의약품 제조업,2000-07-19,krx-kind
009310,참엔지니어링,유가,특수 목적용 기계 제조업,1987-11-12,krx-kind
009320,아진전자부품,유가,자동차 신품 부품 제조업,1989-08-25,krx-kind
0093G0,미래에셋비전스팩8호,코스닥,금융 지원 서비스업,2025-11-27,krx-kind
009410,태영건설,유가,토목 건설업,1989-11-13,krx-kind
009420,한올바이오파마,유가,의약품 제조업,1989-12-18,krx-kind
009440,KC그린홀딩스,유가,기타 금융업,1994-11-05,krx-kind
009450,경동나비엔,유가,가정용 기기 제조업,1993-08-31,krx-kind
009460,한창제지,유가,"펄프, 종이 및 판지 제조업",1987-12-23,krx-kind
009470,삼화전기,유가,전자부품 제조업,1986-11-24,krx-kind
009520,포스코엠텍,코스닥,1차 철강 제조업,1997-11-10,krx-kind
009540,HD한국조선해양,유가,기타 금융업,1999-08-24,krx-kind
009580,무림P&P,유가,"펄프, 종이 및 판지 제조업",1989-06-20,krx-kind
009620,삼보산업,코스닥,1차 비철금속 제조업,1993-12-07,krx-kind
009680,모토닉,유가,자동차 신품 부품 제조업,1994-01-14,krx-kind
0096B0,삼성스팩12호,코스닥,기타 금융업,2025-11-28,krx-kind
0096D0,미래에셋비전스팩9호,코스닥,금융 지원 서비스업,2025-12-01,krx-kind
009730,이렘,코스닥,1차 철강 제조업,1990-07-27,krx-kind
009770,삼정펄프,유가,"펄프, 종이 및 판지 제조업",2006-10-17,krx-kind
009780,엠에스씨,코스닥,기타 식품 제조업,1993-10-12,krx-kind
0097F0,미래에셋비전스팩10호,코스닥,금융 지원 서비스업,2025-12-23,krx-kind
009810,MDS스피어,유가,기타 전문 도매업,1988-08-31,krx-kind
009830,한화솔루션,유가,기초 화학물질 제조업,1974-06-19,krx-kind
0098T0,교보19호스팩,코스닥,금융 지원 서비스업,2025-12-12,krx-kind
009900,명신산업,유가,자동차 신품 부품 제조업,2020-12-07,krx-kind
009970,영원무역홀딩스,유가,기타 금융업,1988-11-07,krx-kind
0099W0,미래에셋비전스팩11호,코스닥,금융 지원 서비스업,2025-12-22,krx-kind
0099X0,IBKS제25호스팩,코스닥,금융 지원 서비스업,2025-12-19,krx-kind
010040,한국내화,유가,"내화, 비내화 요업제품 제조업",2000-10-16,krx-kind
010060,OCI홀딩스,유가,기타 금융업,1985-07-09,krx-kind
010100,한국무브넥스,유가,자동차 신품 부품 제조업,1987-10-02,krx-kind
010120,엘에스일렉트릭,유가,"전동기, 발전기 및 전기 변환 · 공급 · 제어 장치 제조업",1994-07-11,krx-kind
010130,고려아연,유가,1차 비철금속 제조업,1990-07-28,krx-kind
010140,삼성중공업,유가,선박 및 보트 건조업,1994-01-28,krx-kind
010170,대한광통신,코스닥,절연선 및 케이블 제조업,1994-11-07,krx-kind
0101C0,하나36호스팩,코스닥,금융 지원 서비스업,2025-12-22,krx-kind
010240,흥국,코스닥,특수 목적용 기계 제조업,2009-05-12,krx-kind
010280,아이티센엔텍,코스닥,"컴퓨터 프로그래밍, 시스템 통합 및 관리업",2000-04-14,krx-kind
010400,우진아이엔에스,유가,건물설비 설치 공사업,2018-09-14,krx-kind
010470,오리콤,코스닥,광고업,2000-10-24,krx-kind
010580,에스엠벡셀,유가,자동차 신품 부품 제조업,1994-12-27,krx-kind
0105P0,유진스팩12호,코스닥,금융 지원 서비스업,2025-12-11,krx-kind
010640,진양폴리우레탄,유가,플라스틱제품 제조업,1989-09-30,krx-kind
010660,화천기계,유가,특수 목적용 기계 제조업,1988-12-12,krx-kind
010690,화신,유가,자동차 신품 부품 제조업,1994-01-14,krx-kind
010770,평화홀딩스,유가,자동차 신품 부품 제조업,1986-03-31,krx-kind
010780,아이에스동서,유가,"시멘트, 석회, 플라스터 및 그 제품 제조업",1986-01-27,krx-kind
010820,퍼스텍,유가,무기 및 총포탄 제조업,1989-05-10,krx-kind
010950,S-Oil,유가,석유 정제품 제조업,1987-05-27,krx-kind
010960,삼호개발,유가,기반조성 및 시설물 축조관련 전문공사업,2005-05-12,krx-kind
011000,진원생명과학,유가,의약품 제조업,1987-11-16,krx-kind
011040,경동제약,코스닥,의약품 제조업,1992-12-18,krx-kind
011070,LG이노텍,유가,전자부품 제조업,2008-07-24,krx-kind
011080,형지I&C,코스닥,봉제의복 제조업,2004-07-02,krx-kind
011090,에넥스,유가,가구 제조업,1995-07-08,krx-kind
011150,CJ씨푸드,유가,기타 식품 제조업,1988-11-26,krx-kind
011170,롯데케미칼,유가,기초 화학물질 제조업,1991-05-30,krx-kind
011200,HMM,유가,해상 운송업,1995-10-05,krx-kind
011210,현대위아,유가,자동차 신품 부품 제조업,2011-02-21,krx-kind
011230,삼화전자공업,유가,영상 및 음향기기 제조업,1987-05-25,krx-kind
011280,태림포장,유가,"골판지, 종이 상자 및 종이용기 제조업",1988-12-20,krx-kind
011300,우성머티리얼스,유가,직물직조 및 직물제품 제조업,1995-11-10,krx-kind
011320,유니크,코스닥,자동차 신품 부품 제조업,1993-12-29,krx-kind
011330,유니켐,유가,자동차 신품 부품 제조업,1989-12-14,krx-kind
011370,서한,코스닥,건물 건설업,1994-05-24,krx-kind
011390,부산산업,유가,"시멘트, 석회, 플라스터 및 그 제품 제조업",1990-09-14,krx-kind
011420,갤럭시아에스엠,유가,스포츠 서비스업,1989-11-14,krx-kind
011500,한농화성,유가,기타 화학제품 제조업,2003-01-09,krx-kind
011560,세보엠이씨,코스닥,건물설비 설치 공사업,1996-12-23,krx-kind
0115H0,삼성스팩13호,코스닥,금융 지원 서비스업,2026-01-21,krx-kind
011690,와이투솔루션,유가,반도체 제조업,1995-12-21,krx-kind
011700,한신기계공업,유가,일반 목적용 기계 제조업,1987-07-24,krx-kind
011760,현대코퍼레이션,유가,상품 종합 도매업,1977-12-01,krx-kind
011780,금호석유화학,유가,기초 화학물질 제조업,1988-01-22,krx-kind
011790,SKC,유가,기타 화학제품 제조업,1997-07-18,krx-kind
0117P0,피스피스스튜디오,코스닥,"섬유, 의복, 신발 및 가죽제품 소매업",2026-06-08,krx-kind
011810,STX,유가,상품 종합 도매업,1990-09-12,krx-kind
011930,신성이엔지,유가,반도체 제조업,1996-07-31,krx-kind
012030,DB,유가,"컴퓨터 프로그래밍, 시스템 통합 및 관리업",1993-01-06,krx-kind
0120G0,삼양바이오팜,유가,의약품 제조업,2025-11-24,krx-kind
012160,영흥,유가,1차 철강 제조업,2010-01-25,krx-kind
012170,아센디오,유가,"영화, 비디오물, 방송프로그램 제작 및 배급업",1989-12-20,krx-kind
012200,계양전기,유가,일반 목적용 기계 제조업,1988-07-06,krx-kind
012210,삼미금속,코스닥,기타 금속 가공제품 제조업,2025-12-29,krx-kind
012280,영화금속,유가,자동차 신품 부품 제조업,1990-01-25,krx-kind
012320,경동인베스트,유가,기타 금융업,1997-03-07,krx-kind
012330,현대모비스,유가,자동차 신품 부품 제조업,1989-09-05,krx-kind
012340,뉴인텍,코스닥,자동차 신품 부품 제조업,1997-02-12,krx-kind
012450,한화에어로스페이스,유가,"항공기,우주선 및 부품 제조업",1987-05-27,krx-kind
012610,경인양행,유가,기초 화학물질 제조업,1995-10-05,krx-kind
012620,원일특강,코스닥,1차 철강 제조업,1994-06-28,krx-kind
012630,HDC,유가,기타 금융업,1996-10-16,krx-kind
012690,모나리자,유가,기타 종이 및 판지 제품 제조업,1988-10-14,krx-kind
0126Z0,삼성에피스홀딩스,유가,기타 금융업,2025-11-24,krx-kind
012700,리드코프,코스닥,기타 전문 도매업,1996-01-19,krx-kind
012750,에스원,유가,"경비, 경호 및 탐정업",1996-01-30,krx-kind
012790,신일제약,코스닥,의약품 제조업,1999-08-13,krx-kind
012800,대창,유가,1차 비철금속 제조업,1989-12-05,krx-kind
012860,모베이스전자,코스닥,자동차 신품 부품 제조업,1994-10-26,krx-kind
0129K0,신한제18호스팩,코스닥,금융 지원 서비스업,2026-04-30,krx-kind
013000,세우글로벌,유가,기타 전문 도매업,1989-09-05,krx-kind
013030,하이록코리아,코스닥,1차 철강 제조업,1989-12-15,krx-kind
0130D0,신한제17호스팩,코스닥,금융 지원 서비스업,2026-04-01,krx-kind
0130H0,엔에이치스팩33호,코스닥,금융 지원 서비스업,2026-03-27,krx-kind
013120,동원개발,코스닥,건물 건설업,1994-12-29,krx-kind
0131D0,키움히어로제2호스팩,코스닥,금융 지원 서비스업,2026-04-23,krx-kind
0132G0,교보20호스팩,코스닥,기타 금융업,2026-04-02,krx-kind
013310,아진산업,코스닥,자동차 신품 부품 제조업,2015-12-22,krx-kind
013360,일성건설,유가,토목 건설업,1989-12-02,krx-kind
0134X0,대신밸런스제20호스팩,코스닥,금융 지원 서비스업,2026-06-05,krx-kind
013520,화승코퍼레이션,유가,자동차 신품 부품 제조업,1991-02-22,krx-kind
013570,디와이,유가,기타 금융업,1989-05-30,krx-kind
013580,계룡건설산업,유가,토목 건설업,1996-01-30,krx-kind
013700,까뮤이앤씨,유가,건물 건설업,1989-11-30,krx-kind
013720,청보,코스닥,자동차 신품 부품 제조업,1993-12-29,krx-kind
013810,스페코,코스닥,특수 목적용 기계 제조업,1997-11-03,krx-kind
013870,지엠비코리아,유가,자동차 신품 부품 제조업,2012-11-20,krx-kind
013890,지누스,유가,가구 제조업,2019-10-30,krx-kind
013990,아가방컴퍼니,코스닥,생활용품 도매업,2002-01-17,krx-kind
014100,메디앙스,코스닥,상품 종합 도매업,1995-01-03,krx-kind
014130,한익스프레스,유가,도로 화물 운송업,1989-07-25,krx-kind
014160,대영포장,유가,"골판지, 종이 상자 및 종이용기 제조업",1990-03-06,krx-kind
014190,원익큐브,코스닥,기타 전문 도매업,1996-04-26,krx-kind
014280,금강공업,유가,1차 철강 제조업,1988-09-10,krx-kind
014440,영보화학,유가,플라스틱제품 제조업,1997-08-27,krx-kind
014470,부방,코스닥,부동산 임대 및 공급업,1994-02-25,krx-kind
014530,극동유화,유가,석유 정제품 제조업,1991-01-31,krx-kind
014570,고려제약,코스닥,의약품 제조업,2000-12-07,krx-kind
014580,태경비케이,유가,"시멘트, 석회, 플라스터 및 그 제품 제조업",1991-03-07,krx-kind
014620,성광벤드,코스닥,1차 철강 제조업,2001-01-11,krx-kind
014680,한솔케미칼,유가,기초 화학물질 제조업,1989-05-20,krx-kind
014710,사조씨푸드,유가,수산물 가공 및 저장 처리업,2012-06-29,krx-kind
014790,HL D&I,유가,토목 건설업,1994-08-12,krx-kind
014820,동원시스템즈,유가,플라스틱제품 제조업,1994-03-29,krx-kind
014830,유니드,유가,기초 화학물질 제조업,2004-12-03,krx-kind
014910,성문전자,유가,전자부품 제조업,1990-03-24,krx-kind
014940,오리엔탈정공,코스닥,일반 목적용 기계 제조업,2001-12-26,krx-kind
014950,삼익제약,코스닥,의약품 제조업,2025-10-27,krx-kind
014970,삼륭물산,코스닥,"골판지, 종이 상자 및 종이용기 제조업",1992-12-29,krx-kind
014990,인디에프,유가,봉제의복 제조업,1989-06-20,krx-kind
015020,이스타코,유가,부동산 임대 및 공급업,1988-12-23,krx-kind
015230,대창단조,유가,자동차 신품 부품 제조업,1989-07-25,krx-kind
015260,에이엔피,유가,전자부품 제조업,1988-01-18,krx-kind
015360,INVENI,유가,회사 본부 및 경영 컨설팅 서비스업,1996-12-24,krx-kind
015590,DKME,유가,일반 목적용 기계 제조업,1989-05-27,krx-kind
0155E0,해치텍,코스닥,반도체 제조업,2026-08-25,krx-kind
0156T0,에이치엘지노믹스,코스닥,기초 의약물질 제조업,2026-07-24,krx-kind
015710,코콤,코스닥,통신 및 방송 장비 제조업,1997-09-30,krx-kind
015750,성우하이텍,코스닥,자동차 신품 부품 제조업,1995-11-04,krx-kind
015760,한국전력공사,유가,전기업,1989-08-10,krx-kind
015860,일진홀딩스,유가,기타 금융업,1990-03-22,krx-kind
015890,태경산업,유가,기초 화학물질 제조업,1996-01-30,krx-kind
016090,대현,유가,봉제의복 제조업,1990-09-20,krx-kind
016100,리더스코스메틱,코스닥,"골판지, 종이 상자 및 종이용기 제조업",2003-01-15,krx-kind
0161M0,네오사피엔스,코스닥,소프트웨어 개발 및 공급업,2026-09-21,krx-kind
016250,SGC E&C,코스닥,건물 건설업,1999-12-28,krx-kind
016360,삼성증권,유가,금융 지원 서비스업,1988-03-28,krx-kind
016380,KG스틸,유가,1차 철강 제조업,1986-02-03,krx-kind
016450,한세예스24홀딩스,유가,봉제의복 제조업,2000-01-06,krx-kind
0164H0,한국제16호스팩,코스닥,금융 지원 서비스업,2026-06-30,krx-kind
016580,환인제약,유가,의약품 제조업,1996-07-03,krx-kind
016590,신대양제지,유가,"골판지, 종이 상자 및 종이용기 제조업",1995-12-21,krx-kind
0165X0,메리츠제2호스팩,코스닥,금융 지원 서비스업,2026-06-19,krx-kind
016600,큐캐피탈,코스닥,기타 금융업,1993-06-21,krx-kind
016610,DB증권,유가,금융 지원 서비스업,1988-06-27,krx-kind
016670,디모아,코스닥,기타 전문 도매업,1993-04-21,krx-kind
016710,대성홀딩스,유가,회사 본부 및 경영 컨설팅 서비스업,1999-12-22,krx-kind
016740,두올,유가,자동차 신품 부품 제조업,2016-07-29,krx-kind
016790,현대사료,코스닥,동물용 사료 및 조제식품 제조업,2018-06-01,krx-kind
016800,퍼시스,유가,가구 제조업,1996-12-24,krx-kind
016880,웅진,유가,기타 금융업,1994-11-05,krx-kind
016920,카스,코스닥,기계장비 및 관련 물품 도매업,1990-01-04,krx-kind
017000,신원종합개발,코스닥,건물 건설업,1994-12-07,krx-kind
017040,광명전기,유가,"전동기, 발전기 및 전기 변환 · 공급 · 제어 장치 제조업",1990-09-14,krx-kind
017180,명문제약,유가,의약품 제조업,2008-07-10,krx-kind
017250,인터엠,코스닥,영상 및 음향기기 제조업,1996-01-03,krx-kind
017370,우신시스템,유가,특수 목적용 기계 제조업,2002-05-28,krx-kind
017390,서울도시가스,유가,연료용 가스 제조 및 배관공급업,1995-08-18,krx-kind
017480,삼현철강,코스닥,1차 철강 제조업,2001-01-09,krx-kind
017510,세명전기,코스닥,기타 금속 가공제품 제조업,1991-12-26,krx-kind
017550,수산세보틱스,유가,특수 목적용 기계 제조업,1991-08-30,krx-kind
017650,대림제지,코스닥,기타 종이 및 판지 제품 제조업,1994-11-07,krx-kind
017670,SK텔레콤,유가,전기 통신업,1989-11-07,krx-kind
017800,현대엘리베이터,유가,일반 목적용 기계 제조업,1996-07-03,krx-kind
017810,풀무원,유가,기타 식품 제조업,1995-10-05,krx-kind
017860,DS단석,유가,기타 화학제품 제조업,2023-12-22,krx-kind
017890,한국알콜,코스닥,기타 화학제품 제조업,1992-08-04,krx-kind
017900,광전자,유가,반도체 제조업,1996-10-16,krx-kind
017940,E1,유가,기타 전문 도매업,1997-08-27,krx-kind
017960,한국카본,유가,"구조용 금속제품, 탱크 및 증기발생기 제조업",1995-07-08,krx-kind
018000,유니슨,코스닥,일반 목적용 기계 제조업,1996-01-10,krx-kind
018120,진로발효,코스닥,알코올음료 제조업,1993-12-29,krx-kind
018250,애경산업,유가,기타 화학제품 제조업,2018-03-22,krx-kind
018260,삼성에스디에스,유가,"컴퓨터 프로그래밍, 시스템 통합 및 관리업",2014-11-14,krx-kind
018290,브이티,코스닥,기타 화학제품 제조업,1994-09-07,krx-kind
018310,삼목에스폼,코스닥,"구조용 금속제품, 탱크 및 증기발생기 제조업",1996-05-03,krx-kind
018470,조일알미늄,유가,1차 비철금속 제조업,1988-11-22,krx-kind
018500,동원모빌리티,유가,자동차 신품 부품 제조업,1995-11-10,krx-kind
018620,우진비앤지,코스닥,의약품 제조업,2008-05-20,krx-kind
018670,SK가스,유가,기타 전문 도매업,1997-08-27,krx-kind
018680,서울제약,코스닥,의약품 제조업,2000-08-18,krx-kind
018700,졸스,코스닥,생활용품 도매업,1994-03-18,krx-kind
018880,한온시스템,유가,일반 목적용 기계 제조업,1996-07-31,krx-kind
019010,베뉴지,코스닥,종합 소매업,1993-11-05,krx-kind
019170,신풍제약,유가,의약품 제조업,1990-01-20,krx-kind
019180,티에이치엔,유가,기타 전기장비 제조업,1996-07-31,krx-kind
019210,와이지-원,코스닥,기타 금속 가공제품 제조업,1997-08-06,krx-kind
019490,엑시큐어하이트론,유가,영상 및 음향기기 제조업,1998-11-04,krx-kind
019540,일지테크,코스닥,자동차 신품 부품 제조업,1992-11-03,krx-kind
019550,SBI인베스트먼트,코스닥,신탁업 및 집합투자업,1989-09-06,krx-kind
019570,GMI벤처,코스닥,신탁업 및 집합투자업,1989-03-14,krx-kind
019660,글로본,코스닥,상품 종합 도매업,1992-06-04,krx-kind
019680,대교,유가,초등 교육기관,2004-02-03,krx-kind
019770,서연탑메탈,코스닥,특수 목적용 기계 제조업,2011-06-24,krx-kind
0197V0,엔에이치스팩34호,코스닥,금융 지원 서비스업,2026-09-10,krx-kind
019990,에너토크,코스닥,일반 목적용 기계 제조업,2006-02-01,krx-kind
020000,한섬,유가,봉제의복 제조업,1996-07-03,krx-kind
0200G0,한국제17호스팩,코스닥,금융 지원 서비스업,2026-09-22,krx-kind
020120,키다리스튜디오,유가,"자료처리, 호스팅, 포털 및 기타 인터넷 정보매개 서비스업",1996-07-03,krx-kind
020150,롯데에너지머티리얼즈,유가,전자부품 제조업,2011-03-04,krx-kind
020180,대신정보통신,코스닥,"컴퓨터 프로그래밍, 시스템 통합 및 관리업",1995-10-06,krx-kind
0203K0,송우인포텍,코넥스,소프트웨어 개발 및 공급업,2026-07-21,krx-kind
020400,대동금속,코스닥,금속 주조업,1993-07-30,krx-kind
020560,아시아나항공,유가,항공 여객 운송업,2008-03-28,krx-kind
020710,시공테크,코스닥,전문디자인업,1999-08-13,krx-kind
020760,일진디스플,유가,반도체 제조업,2002-01-09,krx-kind
0209J0,KB제34호스팩,코스닥,금융 지원 서비스업,2026-09-22,krx-kind
021040,대호특수강,코스닥,1차 철강 제조업,1996-08-27,krx-kind
021050,서원,유가,금속 주조업,1996-01-30,krx-kind
021080,에이티넘인베스트,코스닥,신탁업 및 집합투자업,1991-07-12,krx-kind
021240,코웨이,유가,그외 기타 개인 서비스업,2001-08-07,krx-kind
021320,KCC건설,코스닥,건물 건설업,2001-08-21,krx-kind
021650,한국큐빅,코스닥,플라스틱제품 제조업,2003-01-24,krx-kind
021820,세원정공,유가,자동차 신품 부품 제조업,1996-07-03,krx-kind
021880,메이슨캐피탈,코스닥,기타 금융업,1996-09-02,krx-kind
0218L0,네오뷰,코스닥,영상 및 음향기기 제조업,2026-07-27,krx-kind
0220W0,한화머시너리앤서비스홀딩스,유가,기타 금융업,2026-08-25,krx-kind
022100,포스코DX,유가,"건축기술, 엔지니어링 및 관련 기술 서비스업",2024-01-02,krx-kind
022220,티케이지애강,코스닥,플라스틱제품 제조업,2006-04-11,krx-kind
023000,삼원강재,유가,자동차 신품 부품 제조업,2011-07-22,krx-kind
023150,MH에탄올,유가,알코올음료 제조업,1996-12-24,krx-kind
023160,태광,코스닥,1차 철강 제조업,1994-09-07,krx-kind
023350,한국종합기술,유가,"건축기술, 엔지니어링 및 관련 기술 서비스업",2011-04-28,krx-kind
023410,유진기업,코스닥,"시멘트, 석회, 플라스터 및 그 제품 제조업",1994-10-07,krx-kind
023440,제이스코홀딩스,코스닥,1차 철강 제조업,1994-10-07,krx-kind
023450,동남합성,유가,기초 화학물질 제조업,1996-12-24,krx-kind
023530,롯데쇼핑,유가,종합 소매업,2006-02-09,krx-kind
023590,다우기술,유가,"자료처리, 호스팅, 포털 및 기타 인터넷 정보매개 서비스업",1997-08-27,krx-kind
023600,삼보판지,코스닥,"펄프, 종이 및 판지 제조업",1996-05-29,krx-kind
023760,한국캐피탈,코스닥,기타 금융업,1994-11-07,krx-kind
023770,플레이위드,코스닥,소프트웨어 개발 및 공급업,1994-11-07,krx-kind
023790,동일스틸럭스,코스닥,1차 철강 제조업,1994-11-07,krx-kind
023800,인지컨트롤스,유가,자동차 신품 부품 제조업,1997-06-23,krx-kind
023810,인팩,유가,자동차 신품 부품 제조업,2004-09-21,krx-kind
023900,풍국주정,코스닥,알코올음료 제조업,1994-11-23,krx-kind
023910,대한약품,코스닥,의약품 제조업,1994-11-23,krx-kind
023960,에쓰씨엔지니어링,유가,토목 건설업,1997-06-23,krx-kind
024060,흥구석유,코스닥,기타 전문 도매업,1994-12-07,krx-kind
024070,WISCOM,유가,플라스틱제품 제조업,1996-11-22,krx-kind
024090,디씨엠,유가,1차 철강 제조업,1999-08-18,krx-kind
024110,기업은행,유가,은행 및 저축기관,2003-12-24,krx-kind
024120,KB오토시스,코스닥,자동차 신품 부품 제조업,1994-12-07,krx-kind
024720,콜마홀딩스,유가,기타 금융업,2002-04-09,krx-kind
024740,한일단조,코스닥,자동차 신품 부품 제조업,1996-11-29,krx-kind
024800,유성티엔에스,코스닥,육상 여객 운송업,1999-12-10,krx-kind
024830,세원물산,코스닥,자동차 신품 부품 제조업,1994-12-29,krx-kind
024840,KBI메탈,코스닥,1차 비철금속 제조업,1994-12-29,krx-kind
024850,HLB이노베이션,코스닥,전자부품 제조업,2001-01-18,krx-kind
024880,케이피에프,코스닥,기타 금속 가공제품 제조업,1994-12-29,krx-kind
024890,대원화성,유가,플라스틱제품 제조업,1997-10-28,krx-kind
024900,디와이덕양,유가,자동차 신품 부품 제조업,1997-06-23,krx-kind
024910,경창산업,코스닥,자동차 신품 부품 제조업,1994-12-29,krx-kind
024940,PN풍년,코스닥,생활용품 도매업,1995-01-04,krx-kind
024950,삼천리자전거,코스닥,생활용품 도매업,1995-01-04,krx-kind
025000,KPX케미칼,유가,기초 화학물질 제조업,1994-12-27,krx-kind
025320,시노펙스,코스닥,전자부품 제조업,1995-04-20,krx-kind
025440,DH오토웨어,코스닥,영상 및 음향기기 제조업,1995-05-22,krx-kind
025530,에스제이엠홀딩스,유가,자동차 부품 및 내장품 판매업,1997-02-12,krx-kind
025540,한국단자공업,유가,"전동기, 발전기 및 전기 변환 · 공급 · 제어 장치 제조업",1996-10-16,krx-kind
025550,한국선재,코스닥,1차 철강 제조업,1995-06-19,krx-kind
025560,미래산업,유가,"측정, 시험, 항해, 제어 및 기타 정밀기기 제조업; 광학기기 제외",1996-11-22,krx-kind
025620,차AI헬스케어,유가,기타 화학제품 제조업,1995-07-08,krx-kind
025750,한솔홈데코,유가,제재 및 목재 가공업,2003-11-04,krx-kind
025770,한국정보통신,코스닥,전기 통신업,1998-01-20,krx-kind
025820,이구산업,유가,1차 비철금속 제조업,1995-08-18,krx-kind
025860,남해화학,유가,"비료, 농약 및 살균, 살충제 제조업",1995-11-10,krx-kind
025870,신라에스지,코스닥,음·식료품 및 담배 도매업,1995-07-07,krx-kind
025880,케이씨피드,코스닥,동물용 사료 및 조제식품 제조업,1995-07-07,krx-kind
025890,한국주강,유가,특수 목적용 기계 제조업,1997-07-18,krx-kind
025900,동화기업,코스닥,나무제품 제조업,1995-08-07,krx-kind
025950,동신건설,코스닥,토목 건설업,1995-08-07,krx-kind
025980,아난티,코스닥,일반 및 생활 숙박시설 운영업,1996-01-06,krx-kind
026040,제이에스티나,코스닥,귀금속 및 장신용품 제조업,1999-12-21,krx-kind
026150,특수건설,코스닥,토목 건설업,1997-08-06,krx-kind
026890,스틱인베스트먼트,유가,신탁업 및 집합투자업,1997-11-25,krx-kind
026910,광진실업,코스닥,1차 철강 제조업,1996-01-03,krx-kind
026940,부국철강,유가,1차 철강 제조업,2008-10-14,krx-kind
026960,동서,유가,음·식료품 및 담배 도매업,2016-07-15,krx-kind
027040,서울전자통신,코스닥,"전동기, 발전기 및 전기 변환 · 공급 · 제어 장치 제조업",1999-12-03,krx-kind
027050,코리아나,코스닥,기타 화학제품 제조업,1999-12-10,krx-kind
027360,아주IB투자,코스닥,기타 금융업,2018-11-21,krx-kind
027410,BGF,유가,기타 금융업,2014-05-19,krx-kind
027580,상보,코스닥,플라스틱제품 제조업,2007-10-01,krx-kind
027710,팜스토리,코스닥,동물용 사료 및 조제식품 제조업,1996-07-06,krx-kind
027740,마니커,유가,"도축, 육류 가공 및 저장 처리업",2002-10-29,krx-kind
027830,대성창투,코스닥,신탁업 및 집합투자업,1999-11-30,krx-kind
027970,한국제지,유가,"펄프, 종이 및 판지 제조업",1996-07-03,krx-kind
028050,삼성E&A,유가,"건축기술, 엔지니어링 및 관련 기술 서비스업",1996-12-24,krx-kind
028080,휴맥스홀딩스,코스닥,"컴퓨터 프로그래밍, 시스템 통합 및 관리업",1997-04-16,krx-kind
028100,동아지질,유가,기반조성 및 시설물 축조관련 전문공사업,2009-06-12,krx-kind
028260,삼성물산,유가,기타 전문 도매업,2014-12-18,krx-kind
028300,HLB,코스닥,의료용품 및 기타 의약 관련제품 제조업,1996-07-27,krx-kind
028670,팬오션,유가,해상 운송업,2007-09-21,krx-kind
029460,케이씨,유가,"측정, 시험, 항해, 제어 및 기타 정밀기기 제조업; 광학기기 제외",1997-11-25,krx-kind
029480,광무,코스닥,통신 및 방송 장비 제조업,1996-08-27,krx-kind
029530,신도리코,유가,컴퓨터 및 주변장치 제조업,1996-12-24,krx-kind
029780,삼성카드,유가,기타 금융업,2007-06-27,krx-kind
030000,제일기획,유가,광고업,1998-03-03,krx-kind
030190,NICE평가정보,유가,기타 정보 서비스업,2023-08-08,krx-kind
030200,케이티,유가,전기 통신업,1998-12-23,krx-kind
030210,다올투자증권,유가,금융 지원 서비스업,1996-11-19,krx-kind
030350,드래곤플라이,코스닥,소프트웨어 개발 및 공급업,1997-11-10,krx-kind
030520,한컴,코스닥,소프트웨어 개발 및 공급업,1996-09-24,krx-kind
030530,원익홀딩스,코스닥,기초 화학물질 제조업,1996-09-24,krx-kind
030610,교보증권,유가,금융 지원 서비스업,2002-07-18,krx-kind
030720,동원수산,유가,어로 어업,1996-11-22,krx-kind
030960,양지사,코스닥,인쇄 및 인쇄관련 산업,1996-10-24,krx-kind
031210,서울보증보험,유가,보험업,2025-03-14,krx-kind
031310,아이즈비전,코스닥,전기 통신업,1997-07-25,krx-kind
031330,에스에이엠티,코스닥,기계장비 및 관련 물품 도매업,2000-05-23,krx-kind
031430,신세계인터내셔날,유가,"섬유, 의복, 신발 및 가죽제품 소매업",2011-07-14,krx-kind
031510,오스템,코스닥,자동차 신품 부품 제조업,1997-02-12,krx-kind
031820,아이티센씨티에스,유가,"컴퓨터 프로그래밍, 시스템 통합 및 관리업",1997-02-12,krx-kind
031860,디에이치엑스컴퍼니,코스닥,상품 종합 도매업,1997-01-07,krx-kind
031980,피에스케이홀딩스,코스닥,특수 목적용 기계 제조업,1997-01-07,krx-kind
032080,아즈텍WB,코스닥,"섬유제품 염색, 정리 및 마무리 가공업",2000-10-26,krx-kind
032190,다우데이타,코스닥,기계장비 및 관련 물품 도매업,1999-12-21,krx-kind
032280,삼일,코스닥,도로 화물 운송업,1997-03-15,krx-kind
032300,한국파마,코스닥,의약품 제조업,2020-08-10,krx-kind
032350,롯데관광개발,유가,여행사 및 기타 여행보조 서비스업,2006-06-08,krx-kind
032500,케이엠더블유,코스닥,통신 및 방송 장비 제조업,2000-03-21,krx-kind
032540,TJ미디어,코스닥,영상 및 음향기기 제조업,1997-04-16,krx-kind
032560,황금에스티,유가,1차 비철금속 제조업,2009-10-29,krx-kind
032580,피델릭스,코스닥,반도체 제조업,1997-04-22,krx-kind
032620,GC메디아이,코스닥,소프트웨어 개발 및 공급업,1997-05-02,krx-kind
032640,LG유플러스,유가,전기 통신업,2008-04-21,krx-kind
032680,소프트센,코스닥,기타 정보 서비스업,1997-07-18,krx-kind
032750,삼진,코스닥,통신 및 방송 장비 제조업,1997-07-14,krx-kind
032790,엠젠솔루션,코스닥,기계장비 및 관련 물품 도매업,1997-06-26,krx-kind
032800,판타지오,코스닥,창작 및 예술관련 서비스업,1997-06-26,krx-kind
032820,우리기술,코스닥,"전동기, 발전기 및 전기 변환 · 공급 · 제어 장치 제조업",2000-06-22,krx-kind
032830,삼성생명,유가,보험업,2010-05-12,krx-kind
032850,비트컴퓨터,코스닥,소프트웨어 개발 및 공급업,1997-07-04,krx-kind
032860,더라미,코스닥,"해체, 선별 및 원료 재생업",1997-07-04,krx-kind
032940,원익,코스닥,기계장비 및 관련 물품 도매업,1997-07-18,krx-kind
032960,동일기연,코스닥,전자부품 제조업,1997-07-18,krx-kind
033050,제이엠아이,코스닥,기타 화학제품 제조업,1997-08-18,krx-kind
033100,제룡전기,코스닥,"전동기, 발전기 및 전기 변환 · 공급 · 제어 장치 제조업",1997-08-18,krx-kind
033130,디지틀조선,코스닥,"자료처리, 호스팅, 포털 및 기타 인터넷 정보매개 서비스업",1997-08-06,krx-kind
033160,엠케이전자,코스닥,전자부품 제조업,1997-11-10,krx-kind
033170,시그네틱스,코스닥,반도체 제조업,2010-11-26,krx-kind
033200,모아텍,코스닥,전자부품 제조업,1997-10-13,krx-kind
033230,인성정보,코스닥,"컴퓨터 프로그래밍, 시스템 통합 및 관리업",1999-07-30,krx-kind
033240,자화전자,유가,전자부품 제조업,1999-01-06,krx-kind
033250,체시스,유가,자동차 신품 부품 제조업,1999-08-11,krx-kind
033270,유나이티드,유가,의약품 제조업,2007-10-23,krx-kind
033290,로젠,코스닥,"섬유, 의복, 신발 및 가죽제품 소매업",1997-10-13,krx-kind
033310,엠투엔,코스닥,전자부품 제조업,1997-11-10,krx-kind
033320,제이씨현시스템,코스닥,기계장비 및 관련 물품 도매업,1997-11-10,krx-kind
033340,좋은사람들,코스닥,봉제의복 제조업,1997-11-03,krx-kind
033500,동성화인텍,코스닥,기초 화학물질 제조업,1997-12-19,krx-kind
033530,SJG세종,유가,자동차 신품 부품 제조업,2002-09-25,krx-kind
033540,파라텍,코스닥,특수 목적용 기계 제조업,1997-12-26,krx-kind
033560,블루콤,코스닥,영상 및 음향기기 제조업,2011-01-26,krx-kind
033640,네패스,코스닥,반도체 제조업,1999-12-14,krx-kind
033780,케이티앤지,유가,담배 제조업,1999-10-08,krx-kind
033790,피노,코스닥,일차전지 및 이차전지 제조업,2001-06-26,krx-kind
033830,티비씨,코스닥,텔레비전 방송업,2010-11-29,krx-kind
033920,무학,유가,알코올음료 제조업,2010-07-20,krx-kind
034020,두산에너빌리티,유가,일반 목적용 기계 제조업,2000-10-25,krx-kind
034120,SBS,유가,텔레비전 방송업,2003-06-25,krx-kind
034220,LG디스플레이,유가,전자부품 제조업,2004-07-23,krx-kind
034230,파라다이스,유가,유원지 및 기타 오락관련 서비스업,2024-06-24,krx-kind
034310,NICE,유가,회사 본부 및 경영 컨설팅 서비스업,2004-02-04,krx-kind
034590,인천도시가스,유가,연료용 가스 제조 및 배관공급업,2006-11-07,krx-kind
034730,SK,유가,기타 금융업,2009-11-11,krx-kind
034810,해성산업,코스닥,기타 금융업,1999-04-16,krx-kind
034830,한국토지신탁,유가,신탁업 및 집합투자업,2016-07-11,krx-kind
034940,조아제약,코스닥,의약품 제조업,1999-08-13,krx-kind
034950,한국기업평가,코스닥,기타 사업지원 서비스업,2002-02-07,krx-kind
035000,HS애드,유가,광고업,1999-08-11,krx-kind
035080,그래디언트,코스닥,무점포 소매업,1999-07-05,krx-kind
035150,백산,유가,플라스틱제품 제조업,1999-08-11,krx-kind
035200,프럼파스트,코스닥,플라스틱제품 제조업,2002-01-15,krx-kind
035250,강원랜드,유가,유원지 및 기타 오락관련 서비스업,2003-09-04,krx-kind
035290,골드앤에스,코스닥,"서적, 잡지 및 기타 인쇄물 출판업",1999-12-07,krx-kind
035420,NAVER,유가,"자료처리, 호스팅, 포털 및 기타 인터넷 정보매개 서비스업",2008-11-28,krx-kind
035460,기산텔레콤,코스닥,통신 및 방송 장비 제조업,1999-11-18,krx-kind
035510,신세계I&C,유가,"컴퓨터 프로그래밍, 시스템 통합 및 관리업",2006-05-18,krx-kind
035600,KG이니시스,코스닥,소프트웨어 개발 및 공급업,2002-11-22,krx-kind
035610,솔본,코스닥,회사 본부 및 경영 컨설팅 서비스업,1999-08-13,krx-kind
035620,바른손이앤에이,코스닥,"영화, 비디오물, 방송프로그램 제작 및 배급업",1999-08-13,krx-kind
035720,카카오,유가,"자료처리, 호스팅, 포털 및 기타 인터넷 정보매개 서비스업",2017-07-10,krx-kind
035760,CJ ENM,코스닥,텔레비전 방송업,1999-11-23,krx-kind
035810,이지홀딩스,코스닥,동물용 사료 및 조제식품 제조업,1999-11-23,krx-kind
035890,서희건설,코스닥,건물 건설업,1999-12-24,krx-kind
035900,JYP Ent.,코스닥,오디오물 출판 및 원판 녹음업,2001-08-30,krx-kind
036000,예림당,코스닥,"서적, 잡지 및 기타 인쇄물 출판업",1999-11-30,krx-kind
036010,아비코전자,코스닥,전자부품 제조업,2002-07-03,krx-kind
036030,케이티알파,코스닥,상품 중개업,1999-12-24,krx-kind
036090,위지트,코스닥,특수 목적용 기계 제조업,1999-12-10,krx-kind
036120,서울평가정보,코스닥,기타 정보 서비스업,1999-12-07,krx-kind
036170,에이치엠넥스,코스닥,반도체 제조업,1999-12-21,krx-kind
036190,금화피에스시,코스닥,전기 및 통신 공사업,2000-12-26,krx-kind
036200,유니셈,코스닥,특수 목적용 기계 제조업,1999-12-10,krx-kind
036220,오상헬스케어,코스닥,의료용 기기 제조업,2024-03-13,krx-kind
036420,콘텐트리중앙,유가,"영화, 비디오물, 방송프로그램 제작 및 배급업",2019-10-18,krx-kind
036460,한국가스공사,유가,연료용 가스 제조 및 배관공급업,1999-12-15,krx-kind
036480,대성미생물,코스닥,의약품 제조업,2000-04-04,krx-kind
036530,SNT홀딩스,유가,기타 금융업,2002-10-22,krx-kind
036540,SFA반도체,코스닥,반도체 제조업,2001-05-02,krx-kind
036560,KZ정밀,코스닥,일반 목적용 기계 제조업,1999-12-28,krx-kind
036570,NC,유가,소프트웨어 개발 및 공급업,2003-05-22,krx-kind
036580,팜스코,유가,"곡물가공품, 전분 및 전분제품 제조업",1999-10-25,krx-kind
036620,감성코퍼레이션,코스닥,기타 전문 도매업,2000-01-11,krx-kind
036630,세종텔레콤,코스닥,전기 및 통신 공사업,2000-01-04,krx-kind
036640,HRS,코스닥,합성고무 및 플라스틱 물질 제조업,2000-05-30,krx-kind
036670,삼양케이씨아이,코스닥,기타 화학제품 제조업,2001-01-03,krx-kind
036690,코맥스,코스닥,통신 및 방송 장비 제조업,2000-01-18,krx-kind
036710,심텍홀딩스,코스닥,회사 본부 및 경영 컨설팅 서비스업,2000-01-04,krx-kind
036800,나이스정보통신,코스닥,전기 통신업,2000-05-03,krx-kind
036810,에프에스티,코스닥,전자부품 제조업,2000-01-18,krx-kind
036830,솔브레인홀딩스,코스닥,회사 본부 및 경영 컨설팅 서비스업,2000-01-18,krx-kind
036890,진성티이씨,코스닥,특수 목적용 기계 제조업,2000-07-20,krx-kind
036930,주성엔지니어링,코스닥,특수 목적용 기계 제조업,1999-12-24,krx-kind
037030,파워넷,코스닥,"전동기, 발전기 및 전기 변환 · 공급 · 제어 장치 제조업",2018-06-07,krx-kind
037070,파세코,코스닥,가정용 기기 제조업,2000-01-04,krx-kind
037230,한국팩키지,코스닥,"골판지, 종이 상자 및 종이용기 제조업",1999-12-21,krx-kind
037270,YG PLUS,유가,"자료처리, 호스팅, 포털 및 기타 인터넷 정보매개 서비스업",2003-08-01,krx-kind
037330,인지디스플레,코스닥,전자부품 제조업,1999-12-14,krx-kind
037350,성도이엔지,코스닥,"건축기술, 엔지니어링 및 관련 기술 서비스업",2000-01-11,krx-kind
037370,EG,코스닥,기초 화학물질 제조업,2000-01-11,krx-kind
037400,우리엔터프라이즈,코스닥,상품 종합 도매업,1999-12-16,krx-kind
037440,희림,코스닥,"건축기술, 엔지니어링 및 관련 기술 서비스업",2000-02-03,krx-kind
037460,삼지전자,코스닥,통신 및 방송 장비 제조업,1999-12-16,krx-kind
037560,LG헬로비전,유가,텔레비전 방송업,2012-11-09,krx-kind
037710,광주신세계,유가,종합 소매업,2002-02-07,krx-kind
037760,쎄니트,코스닥,1차 철강 제조업,2000-04-07,krx-kind
037950,엘컴텍,코스닥,전자부품 제조업,2000-08-24,krx-kind
038010,제일테크노스,코스닥,"구조용 금속제품, 탱크 및 증기발생기 제조업",2000-01-11,krx-kind
038060,루멘스바이오스,코스닥,반도체 제조업,2006-08-08,krx-kind
038070,서린바이오,코스닥,기타 전문 도매업,2005-10-25,krx-kind
038110,에코플라스틱,코스닥,자동차 신품 부품 제조업,2000-03-23,krx-kind
038290,마크로젠,코스닥,"그외 기타 전문, 과학 및 기술 서비스업",2000-02-22,krx-kind
038390,레드캡투어,코스닥,여행사 및 기타 여행보조 서비스업,2000-02-01,krx-kind
038460,바이오스마트,코스닥,전자부품 제조업,2000-06-22,krx-kind
038500,삼표시멘트,코스닥,기타 비금속 광물제품 제조업,2001-02-01,krx-kind
038530,케이바이오랩스,코스닥,생활용품 도매업,2000-06-09,krx-kind
038540,상상인,코스닥,"컴퓨터 프로그래밍, 시스템 통합 및 관리업",2000-08-18,krx-kind
038620,위즈코프,코스닥,연료 소매업,2000-05-04,krx-kind
038680,에스넷,코스닥,"컴퓨터 프로그래밍, 시스템 통합 및 관리업",2000-04-27,krx-kind
038870,에코심플렉스,코스닥,사업시설 유지·관리 서비스업,2001-05-29,krx-kind
038880,아이에이,코스닥,전자부품 제조업,2000-04-27,krx-kind
038950,파인디지털,코스닥,통신 및 방송 장비 제조업,2000-05-04,krx-kind
039010,현대에이치티,코스닥,통신 및 방송 장비 제조업,2000-07-20,krx-kind
039020,이건홀딩스,코스닥,제재 및 목재 가공업,2000-05-04,krx-kind
039030,이오테크닉스,코스닥,특수 목적용 기계 제조업,2000-08-24,krx-kind
039130,하나투어,유가,여행사 및 기타 여행보조 서비스업,2011-11-01,krx-kind
039200,오스코텍,코스닥,의약품 제조업,2007-01-17,krx-kind
039240,경남스틸,코스닥,1차 철강 제조업,2000-03-07,krx-kind
039290,인포뱅크,코스닥,기타 정보 서비스업,2006-07-04,krx-kind
039310,세중,코스닥,소프트웨어 개발 및 공급업,2000-06-09,krx-kind
039340,한국경제TV,코스닥,텔레비전 방송업,2004-07-30,krx-kind
039420,케이엘넷,코스닥,전기 통신업,2002-03-12,krx-kind
039440,에스티아이,코스닥,특수 목적용 기계 제조업,2002-02-28,krx-kind
039490,키움증권,유가,금융 지원 서비스업,2009-08-03,krx-kind
039560,다산네트웍스,코스닥,통신 및 방송 장비 제조업,2000-06-22,krx-kind
039570,HDC랩스,유가,전기 및 통신 공사업,2015-09-24,krx-kind
039610,화성밸브,코스닥,일반 목적용 기계 제조업,2000-03-16,krx-kind
039740,한국정보공학,코스닥,기타 전문 도매업,2000-07-06,krx-kind
039830,오로라,코스닥,전문디자인업,2001-01-03,krx-kind
039840,디오,코스닥,의료용 기기 제조업,2000-06-29,krx-kind
039860,나노엔텍,코스닥,의료용 기기 제조업,2000-08-16,krx-kind
039980,폴라리스AI,코스닥,"컴퓨터 프로그래밍, 시스템 통합 및 관리업",2002-08-13,krx-kind
040160,누리플렉스,코스닥,소프트웨어 개발 및 공급업,2000-08-29,krx-kind
040300,YTN,코스닥,"영화, 비디오물, 방송프로그램 제작 및 배급업",2001-09-04,krx-kind
040350,크레오에스지,코스닥,"컴퓨터 프로그래밍, 시스템 통합 및 관리업",2002-01-10,krx-kind
040420,정상제이엘에스,코스닥,일반 교습 학원,2000-08-01,krx-kind
040610,SG&G,코스닥,자동차 신품 부품 제조업,2000-04-27,krx-kind
040910,아이씨디,코스닥,특수 목적용 기계 제조업,2011-08-05,krx-kind
041020,폴라리스오피스,코스닥,소프트웨어 개발 및 공급업,2005-10-28,krx-kind
041190,우리기술투자,코스닥,기타 금융업,2000-06-09,krx-kind
041440,현대에버다임,코스닥,특수 목적용 기계 제조업,2003-11-14,krx-kind
041460,한국전자인증,코스닥,소프트웨어 개발 및 공급업,2010-11-19,krx-kind
041510,에스엠,코스닥,오디오물 출판 및 원판 녹음업,2000-04-27,krx-kind
041520,이엘씨,코스닥,"측정, 시험, 항해, 제어 및 기타 정밀기기 제조업; 광학기기 제외",2003-07-04,krx-kind
041590,플래스크,코스닥,실내건축 및 건축마무리 공사업,2002-11-01,krx-kind
041650,상신브레이크,유가,자동차 신품 부품 제조업,2004-10-27,krx-kind
041830,인바디,코스닥,의료용 기기 제조업,2000-12-14,krx-kind
041910,폴라리스AI파마,코스닥,의약품 제조업,2004-02-06,krx-kind
041920,메디아나,코스닥,의료용 기기 제조업,2014-10-07,krx-kind
041930,SY동아,코스닥,고무제품 제조업,2001-12-26,krx-kind
041960,코미팜,코스닥,의약품 제조업,2001-10-30,krx-kind
042000,카페24,코스닥,"자료처리, 호스팅, 포털 및 기타 인터넷 정보매개 서비스업",2018-02-08,krx-kind
042040,케이피엠테크,코스닥,기타 전문 도매업,2003-01-07,krx-kind
042110,에스씨디,코스닥,가정용 기기 제조업,2000-07-13,krx-kind
042370,비츠로테크,코스닥,기타 금융업,2000-08-03,krx-kind
042420,네오위즈홀딩스,코스닥,소프트웨어 개발 및 공급업,2000-06-27,krx-kind
042500,링네트,코스닥,"컴퓨터 프로그래밍, 시스템 통합 및 관리업",2002-01-10,krx-kind
042510,라온시큐어,코스닥,소프트웨어 개발 및 공급업,2001-01-03,krx-kind
042520,한스바이오메드,코스닥,의료용품 및 기타 의약 관련제품 제조업,2009-10-09,krx-kind
042600,새로닉스,코스닥,전자부품 제조업,2002-10-01,krx-kind
042660,한화오션,유가,선박 및 보트 건조업,2001-02-02,krx-kind
042700,한미반도체,유가,특수 목적용 기계 제조업,2005-07-22,krx-kind
042940,상지건설,코스닥,건물 건설업,2000-10-19,krx-kind
043100,알파AI,코스닥,의료용 기기 제조업,2000-08-08,krx-kind
043150,바텍,코스닥,의료용 기기 제조업,2006-09-29,krx-kind
043200,파루,코스닥,"전동기, 발전기 및 전기 변환 · 공급 · 제어 장치 제조업",2000-07-19,krx-kind
043220,티에스넥스젠,코스닥,특수 목적용 기계 제조업,2001-07-03,krx-kind
043260,성호전자,코스닥,전자부품 제조업,2001-11-29,krx-kind
043340,에쎈테크,코스닥,일반 목적용 기계 제조업,2000-08-29,krx-kind
043360,디지아이,코스닥,컴퓨터 및 주변장치 제조업,2001-07-20,krx-kind
043370,피에이치에이,코스닥,자동차 신품 부품 제조업,2001-12-13,krx-kind
043590,웰킵스하이텍,코스닥,반도체 제조업,2001-12-20,krx-kind
043610,KT지니뮤직,코스닥,영상·오디오물 제공 서비스업,2000-07-20,krx-kind
043650,국순당,코스닥,알코올음료 제조업,2000-08-24,krx-kind
043710,코스리거글로벌,코스닥,기타 전문 도매업,2002-07-11,krx-kind
043910,자연과환경,코스닥,"시멘트, 석회, 플라스터 및 그 제품 제조업",2005-11-18,krx-kind
044180,KD,코스닥,건물 건설업,2000-11-16,krx-kind
044340,위닉스,코스닥,가정용 기기 제조업,2000-10-24,krx-kind
044380,주연테크,유가,컴퓨터 및 주변장치 제조업,2006-11-15,krx-kind
044450,KSS해운,유가,해상 운송업,2007-10-26,krx-kind
044480,빌리언스,코스닥,창작 및 예술관련 서비스업,2001-01-11,krx-kind
044490,태웅,코스닥,기타 금속 가공제품 제조업,2001-11-08,krx-kind
044780,에이치케이,코스닥,특수 목적용 기계 제조업,2000-09-07,krx-kind
044820,코스맥스비티아이,유가,기타 금융업,2006-11-13,krx-kind
044960,이글벳,코스닥,기타 전문 도매업,2000-11-16,krx-kind
044990,에이치엔에스하이텍,코스닥,전자부품 제조업,2024-10-25,krx-kind
045060,오공,코스닥,기타 화학제품 제조업,2000-08-10,krx-kind
045100,한양이엔지,코스닥,"건축기술, 엔지니어링 및 관련 기술 서비스업",2000-08-31,krx-kind
045300,성우테크론,코스닥,전자부품 제조업,2001-12-18,krx-kind
045340,토탈소프트,코스닥,소프트웨어 개발 및 공급업,2002-07-19,krx-kind
045390,대아티아이,코스닥,기타 전기장비 제조업,2001-05-17,krx-kind
045510,정원엔시스,코스닥,기계장비 및 관련 물품 도매업,2000-09-07,krx-kind
045520,크린앤사이언스,코스닥,일반 목적용 기계 제조업,2000-12-05,krx-kind
045660,에이텍,코스닥,일반 목적용 기계 제조업,2001-05-24,krx-kind
045970,코아시아,코스닥,전자부품 제조업,2000-08-03,krx-kind
046120,오르비텍,코스닥,기타 과학기술 서비스업,2010-06-15,krx-kind
046210,HLB파나진,코스닥,의료용품 및 기타 의약 관련제품 제조업,2000-08-16,krx-kind
046310,백금T&A,코스닥,통신 및 방송 장비 제조업,2002-02-05,krx-kind
046390,삼화네트웍스,코스닥,"영화, 비디오물, 방송프로그램 제작 및 배급업",2001-01-11,krx-kind
046440,KG파이낸셜,코스닥,소프트웨어 개발 및 공급업,2004-12-14,krx-kind
046890,서울반도체,코스닥,반도체 제조업,2002-01-17,krx-kind
046940,우원개발,코스닥,기반조성 및 시설물 축조관련 전문공사업,2002-06-18,krx-kind
046970,우리로,코스닥,기타 전문 도매업,2012-11-27,krx-kind
047040,대우건설,유가,건물 건설업,2001-03-23,krx-kind
047050,포스코인터내셔널,유가,상품 중개업,2001-03-23,krx-kind
047080,한빛소프트,코스닥,소프트웨어 개발 및 공급업,2002-01-10,krx-kind
047310,파워로직스,코스닥,"전동기, 발전기 및 전기 변환 · 공급 · 제어 장치 제조업",2003-07-25,krx-kind
047400,유니온머티리얼,유가,"내화, 비내화 요업제품 제조업",2009-09-29,krx-kind
047560,이스트소프트,코스닥,소프트웨어 개발 및 공급업,2008-07-01,krx-kind
047770,코데즈컴바인,코스닥,봉제의복 제조업,2001-09-18,krx-kind
047810,한국항공우주,유가,"항공기,우주선 및 부품 제조업",2011-06-30,krx-kind
047820,초록뱀미디어,코스닥,"영화, 비디오물, 방송프로그램 제작 및 배급업",2002-12-24,krx-kind
047920,HLB제약,코스닥,자연과학 및 공학 연구개발업,2015-12-21,krx-kind
048410,현대바이오,코스닥,기타 화학제품 제조업,2002-08-08,krx-kind
048430,유라테크,코스닥,"전동기, 발전기 및 전기 변환 · 공급 · 제어 장치 제조업",2001-01-11,krx-kind
048470,대동스틸,코스닥,기타 전문 도매업,2002-01-10,krx-kind
048530,인트론바이오,코스닥,기초 의약물질 제조업,2011-01-26,krx-kind
048550,SM C&C,코스닥,광고업,2001-01-18,krx-kind
048770,TPC로보틱스,코스닥,일반 목적용 기계 제조업,2001-01-16,krx-kind
048830,엔피케이,코스닥,합성고무 및 플라스틱 물질 제조업,2000-10-12,krx-kind
048870,시너지이노베이션,코스닥,의료용 기기 제조업,2004-08-13,krx-kind
048910,대원미디어,코스닥,기타 전문 도매업,2001-07-31,krx-kind
049070,인탑스,코스닥,통신 및 방송 장비 제조업,2002-02-21,krx-kind
049080,기가레인,코스닥,전자부품 제조업,2013-12-19,krx-kind
049120,파인디앤씨,코스닥,전자부품 제조업,2001-07-26,krx-kind
049180,셀루메드,코스닥,기초 의약물질 제조업,2002-05-23,krx-kind
049430,코메론,코스닥,"측정, 시험, 항해, 제어 및 기타 정밀기기 제조업; 광학기기 제외",2001-01-16,krx-kind
049470,비트플래닛,코스닥,소프트웨어 개발 및 공급업,2001-10-11,krx-kind
049480,오픈베이스,코스닥,"컴퓨터 프로그래밍, 시스템 통합 및 관리업",2001-01-09,krx-kind
049520,유아이엘,코스닥,전자부품 제조업,2001-08-02,krx-kind
049550,잉크테크,코스닥,기타 화학제품 제조업,2002-02-28,krx-kind
049630,재영솔루텍,코스닥,사진장비 및 광학기기 제조업,2003-01-24,krx-kind
049720,고려신용정보,코스닥,기타 사업지원 서비스업,2002-01-31,krx-kind
049800,우진플라임,유가,특수 목적용 기계 제조업,2006-05-24,krx-kind
049830,승일,코스닥,기타 금속 가공제품 제조업,2001-01-18,krx-kind
049950,미래컴퍼니,코스닥,특수 목적용 기계 제조업,2005-01-04,krx-kind
049960,쎌바이오텍,코스닥,기초 의약물질 제조업,2002-12-13,krx-kind
050090,비케이홀딩스,코스닥,광고업,2004-06-29,krx-kind
050110,캠시스,코스닥,전자부품 제조업,2001-05-17,krx-kind
050120,ES큐브,코스닥,생활용품 도매업,2002-04-25,krx-kind
050760,에스폴리텍,코스닥,플라스틱제품 제조업,2002-05-16,krx-kind
050860,아세아텍,코스닥,특수 목적용 기계 제조업,2010-01-26,krx-kind
050890,쏠리드,코스닥,통신 및 방송 장비 제조업,2005-07-08,krx-kind
050960,수산아이앤티,코스닥,소프트웨어 개발 및 공급업,2016-10-11,krx-kind
051160,지어소프트,코스닥,소프트웨어 개발 및 공급업,2002-05-28,krx-kind
051360,토비스,코스닥,영상 및 음향기기 제조업,2004-11-19,krx-kind
051370,인터플렉스,코스닥,전자부품 제조업,2003-01-22,krx-kind
051380,피씨디렉트,코스닥,기계장비 및 관련 물품 도매업,2002-02-15,krx-kind
051390,YW,코스닥,상품 종합 도매업,2001-11-15,krx-kind
051490,나라엠앤디,코스닥,특수 목적용 기계 제조업,2001-06-12,krx-kind
051500,CJ프레시웨이,코스닥,음·식료품 및 담배 도매업,2001-07-26,krx-kind
051600,한전KPS,유가,전기 및 통신 공사업,2007-12-14,krx-kind
051630,진양화학,유가,플라스틱제품 제조업,2001-01-29,krx-kind
051780,큐로홀딩스,코스닥,음·식료품 및 담배 소매업,2001-06-26,krx-kind
051900,LG생활건강,유가,기타 화학제품 제조업,2001-04-25,krx-kind
051910,LG화학,유가,기초 화학물질 제조업,2001-04-25,krx-kind
051980,중앙첨단소재,코스닥,통신 및 방송 장비 제조업,2001-07-31,krx-kind
052020,에스티큐브,코스닥,기계장비 및 관련 물품 도매업,2001-07-05,krx-kind
052220,iMBC,코스닥,영상·오디오물 제공 서비스업,2005-01-21,krx-kind
052260,현대바이오랜드,코스닥,기타 화학제품 제조업,2001-05-17,krx-kind
052300,오션인더블유,코스닥,상품 종합 도매업,2001-08-02,krx-kind
052330,코텍,코스닥,영상 및 음향기기 제조업,2001-07-10,krx-kind
052400,코나아이,코스닥,소프트웨어 개발 및 공급업,2001-10-18,krx-kind
052420,오성첨단소재,코스닥,플라스틱제품 제조업,2001-08-07,krx-kind
052460,아이크래프트,코스닥,"컴퓨터 프로그래밍, 시스템 통합 및 관리업",2005-01-03,krx-kind
052600,한네트,코스닥,전기 통신업,2001-07-10,krx-kind
052690,한전기술,유가,"건축기술, 엔지니어링 및 관련 기술 서비스업",2009-12-14,krx-kind
052710,아모텍,코스닥,전자부품 제조업,2003-08-01,krx-kind
052770,아이톡시,코스닥,소프트웨어 개발 및 공급업,2002-08-22,krx-kind
052790,액토즈소프트,코스닥,소프트웨어 개발 및 공급업,2001-08-14,krx-kind
052860,아이앤씨,코스닥,반도체 제조업,2009-10-06,krx-kind
052900,KX하이텍,코스닥,플라스틱제품 제조업,2005-01-18,krx-kind
052960,태양3C,코넥스,자동차 부품 및 내장품 판매업,2023-01-26,krx-kind
053030,바이넥스,코스닥,의약품 제조업,2001-08-07,krx-kind
053050,지에스이,코스닥,연료용 가스 제조 및 배관공급업,2001-10-11,krx-kind
053060,세동,코스닥,자동차 신품 부품 제조업,2001-08-17,krx-kind
053080,케이엔솔,코스닥,일반 목적용 기계 제조업,2020-09-24,krx-kind
053160,프리엠스,코스닥,"전동기, 발전기 및 전기 변환 · 공급 · 제어 장치 제조업",2001-10-30,krx-kind
053210,케이티스카이라이프,유가,텔레비전 방송업,2011-06-03,krx-kind
053260,금강철강,코스닥,1차 철강 제조업,2002-01-04,krx-kind
053270,구영테크,코스닥,자동차 신품 부품 제조업,2002-02-07,krx-kind
053280,예스24,코스닥,무점포 소매업,2008-05-07,krx-kind
053290,NE능률,코스닥,"서적, 잡지 및 기타 인쇄물 출판업",2002-12-10,krx-kind
053300,한국정보인증,코스닥,소프트웨어 개발 및 공급업,2014-02-04,krx-kind
053350,이니텍,코스닥,소프트웨어 개발 및 공급업,2001-11-15,krx-kind
053450,세코닉스,코스닥,사진장비 및 광학기기 제조업,2001-08-09,krx-kind
053580,웹케시,코스닥,소프트웨어 개발 및 공급업,2019-01-25,krx-kind
053610,프로텍,코스닥,특수 목적용 기계 제조업,2001-08-17,krx-kind
053620,태양,코스닥,기타 금속 가공제품 제조업,2001-08-07,krx-kind
053690,한미글로벌,유가,"건축기술, 엔지니어링 및 관련 기술 서비스업",2009-06-23,krx-kind
053700,삼보모터스,코스닥,자동차 신품 부품 제조업,2001-11-06,krx-kind
053800,안랩,코스닥,소프트웨어 개발 및 공급업,2001-09-13,krx-kind
053950,경남제약,코스닥,의약품 제조업,2001-11-06,krx-kind
053980,오상자이엘,코스닥,소프트웨어 개발 및 공급업,2002-04-09,krx-kind
054040,한국컴퓨터,코스닥,전자부품 제조업,2002-01-15,krx-kind
054050,NH농우바이오,코스닥,작물 재배업,2002-04-02,krx-kind
054090,삼진엘앤디,코스닥,그외 기타 제품 제조업,2004-02-06,krx-kind
054180,메디콕스,코스닥,선박 및 보트 건조업,2001-10-16,krx-kind
054210,이랜텍,코스닥,전자부품 제조업,2002-05-09,krx-kind
054220,비츠로시스,코스닥,"전동기, 발전기 및 전기 변환 · 공급 · 제어 장치 제조업",2001-12-26,krx-kind
054300,팬스타엔터프라이즈,코스닥,일반 목적용 기계 제조업,2002-01-10,krx-kind
054410,케이피티유,코스닥,기타 전문 도매업,2002-04-25,krx-kind
054450,텔레칩스,코스닥,반도체 제조업,2004-12-10,krx-kind
054540,삼영엠텍,코스닥,"구조용 금속제품, 탱크 및 증기발생기 제조업",2001-11-15,krx-kind
054620,APS,코스닥,기타 금융업,2001-12-04,krx-kind
054670,대한뉴팜,코스닥,의약품 제조업,2002-02-26,krx-kind
054780,키이스트,코스닥,"영화, 비디오물, 방송프로그램 제작 및 배급업",2003-11-14,krx-kind
054800,아이디스홀딩스,코스닥,기타 전문 서비스업,2001-09-27,krx-kind
054920,한컴위드,코스닥,소프트웨어 개발 및 공급업,2001-11-01,krx-kind
054930,유신,코스닥,"건축기술, 엔지니어링 및 관련 기술 서비스업",2002-01-15,krx-kind
054940,엑사이엔씨,코스닥,실내건축 및 건축마무리 공사업,2001-12-13,krx-kind
054950,제이브이엠,코스닥,일반 목적용 기계 제조업,2006-06-07,krx-kind
055490,테이팩스,유가,플라스틱제품 제조업,2017-10-31,krx-kind
055550,신한지주,유가,기타 금융업,2001-09-10,krx-kind
056080,유진로봇,코스닥,특수 목적용 기계 제조업,2001-11-13,krx-kind
056090,시지메드텍,코스닥,의료용 기기 제조업,2015-11-12,krx-kind
056190,SFA,코스닥,특수 목적용 기계 제조업,2001-12-18,krx-kind
056360,코위버,코스닥,통신 및 방송 장비 제조업,2001-12-04,krx-kind
056700,신화인터텍,코스닥,플라스틱제품 제조업,2001-12-13,krx-kind
056730,CNT85,코스닥,건물 건설업,2002-01-04,krx-kind
057030,YBM넷,코스닥,교육지원 서비스업,2004-06-08,krx-kind
057540,옴니시스템,코스닥,"측정, 시험, 항해, 제어 및 기타 정밀기기 제조업; 광학기기 제외",2007-09-19,krx-kind
057680,티사이언티픽,코스닥,소프트웨어 개발 및 공급업,2002-06-18,krx-kind
058110,멕아이씨에스,코스닥,의료용 기기 제조업,2015-12-14,krx-kind
058400,KNN,코스닥,텔레비전 방송업,2010-11-03,krx-kind
058430,포스코스틸리온,유가,1차 철강 제조업,2002-08-16,krx-kind
058450,한주에이알티,코스닥,"영화, 비디오물, 방송프로그램 제작 및 배급업",2002-01-17,krx-kind
058470,리노공업,코스닥,전자부품 제조업,2001-12-18,krx-kind
058610,에스피지,코스닥,"전동기, 발전기 및 전기 변환 · 공급 · 제어 장치 제조업",2002-07-23,krx-kind
058630,엠게임,코스닥,소프트웨어 개발 및 공급업,2008-12-19,krx-kind
058650,세아홀딩스,유가,1차 철강 제조업,2001-07-30,krx-kind
058730,다스코,유가,"구조용 금속제품, 탱크 및 증기발생기 제조업",2004-08-02,krx-kind
058820,CMG제약,코스닥,의약품 제조업,2001-08-31,krx-kind
058850,KTcs,유가,기타 정보 서비스업,2010-09-16,krx-kind
058860,KTis,유가,기타 정보 서비스업,2010-12-17,krx-kind
058970,엠로,코스닥,소프트웨어 개발 및 공급업,2021-08-13,krx-kind
059090,미코,코스닥,반도체 제조업,2002-01-15,krx-kind
059100,아이컴포넌트,코스닥,전자부품 제조업,2008-12-16,krx-kind
059120,아진엑스텍,코스닥,반도체 제조업,2014-07-24,krx-kind
059180,엔더블유시,코넥스,통신 및 방송 장비 제조업,2025-12-22,krx-kind
059210,메타바이오메드,코스닥,의료용품 및 기타 의약 관련제품 제조업,2008-04-15,krx-kind
059270,해성에어로보틱스,코스닥,기타 금속 가공제품 제조업,2021-04-21,krx-kind
060150,인선이엔티,코스닥,폐기물 처리업,2002-06-14,krx-kind
060230,제이케이시냅스,코스닥,기타 화학제품 제조업,2002-06-25,krx-kind
060250,NHN KCP,코스닥,금융 지원 서비스업,2002-01-08,krx-kind
060260,뉴보텍,코스닥,플라스틱제품 제조업,2002-02-05,krx-kind
060280,큐렉소,코스닥,기타 상품 전문 소매업,2002-07-03,krx-kind
060310,3S,코스닥,"측정, 시험, 항해, 제어 및 기타 정밀기기 제조업; 광학기기 제외",2002-04-23,krx-kind
060370,LS마린솔루션,코스닥,전기 및 통신 공사업,2002-02-15,krx-kind
060380,동양에스텍,코스닥,1차 철강 제조업,2002-02-05,krx-kind
060480,국일신동,코스닥,1차 비철금속 제조업,2014-12-29,krx-kind
060540,에스에이티,코스닥,"측정, 시험, 항해, 제어 및 기타 정밀기기 제조업; 광학기기 제외",2006-11-28,krx-kind
060560,HC홈센타,코스닥,기타 전문 도매업,2002-07-11,krx-kind
060570,드림어스컴퍼니,코스닥,영상·오디오물 제공 서비스업,2003-12-19,krx-kind
060590,씨티씨바이오,코스닥,의약품 제조업,2002-02-21,krx-kind
060720,KH바텍,코스닥,전자부품 제조업,2002-05-21,krx-kind
060850,영림원소프트랩,코스닥,소프트웨어 개발 및 공급업,2020-08-12,krx-kind
060900,에이전트AI,코스닥,전기업,2002-09-17,krx-kind
060980,HL홀딩스,유가,기타 금융업,2010-05-19,krx-kind
061040,알에프텍,코스닥,통신 및 방송 장비 제조업,2002-05-16,krx-kind
061090,세나테크놀로지,코스닥,통신 및 방송 장비 제조업,2025-11-14,krx-kind
061250,화일약품,코스닥,의약품 제조업,2002-04-18,krx-kind
061970,LB세미콘,코스닥,반도체 제조업,2011-01-31,krx-kind
062040,산일전기,유가,"전동기, 발전기 및 전기 변환 · 공급 · 제어 장치 제조업",2024-07-29,krx-kind
062970,한국첨단소재,코스닥,통신 및 방송 장비 제조업,2019-12-26,krx-kind
063080,컴투스홀딩스,코스닥,소프트웨어 개발 및 공급업,2009-07-30,krx-kind
063160,종근당바이오,유가,의약품 제조업,2001-12-11,krx-kind
063170,서울옥션,코스닥,상품 중개업,2008-07-01,krx-kind
063440,SM Life Design,코스닥,기록매체 복제업,2002-05-30,krx-kind
063570,NICE인프라,코스닥,기타 사업지원 서비스업,2006-07-14,krx-kind
063760,이엘피,코스닥,"측정, 시험, 항해, 제어 및 기타 정밀기기 제조업; 광학기기 제외",2017-04-06,krx-kind
064090,인크레더블버즈,코스닥,상품 종합 도매업,2002-12-17,krx-kind
064240,홈캐스트,코스닥,기타 전문 도매업,2003-06-11,krx-kind
064260,다날,코스닥,소프트웨어 개발 및 공급업,2004-07-23,krx-kind
064290,인텍플러스,코스닥,특수 목적용 기계 제조업,2011-01-05,krx-kind
064350,현대로템,유가,그외 기타 운송장비 제조업,2013-10-30,krx-kind
064400,LG씨엔에스,유가,"컴퓨터 프로그래밍, 시스템 통합 및 관리업",2025-02-05,krx-kind
064480,브리지텍,코스닥,소프트웨어 개발 및 공급업,2008-06-04,krx-kind
064520,테크엘,코스닥,반도체 제조업,2002-12-04,krx-kind
064550,바이오니아,코스닥,의료용품 및 기타 의약 관련제품 제조업,2005-12-29,krx-kind
064760,티씨케이,코스닥,기타 비금속 광물제품 제조업,2003-08-18,krx-kind
064800,포니링크,코스닥,"섬유, 의복, 신발 및 가죽제품 소매업",2002-08-22,krx-kind
064820,케이프,코스닥,선박 및 보트 건조업,2007-05-29,krx-kind
064850,에프앤가이드,코스닥,기타 정보 서비스업,2020-12-17,krx-kind
064960,SNT모티브,유가,자동차 신품 부품 제조업,2002-03-11,krx-kind
065060,지엔코,코스닥,봉제의복 제조업,2002-05-28,krx-kind
065130,탑엔지니어링,코스닥,특수 목적용 기계 제조업,2003-01-29,krx-kind
065150,대산F&B,코스닥,음·식료품 및 담배 도매업,2007-07-18,krx-kind
065170,비엘팜텍,코스닥,음·식료품 및 담배 도매업,2002-11-19,krx-kind
065350,신성델타테크,코스닥,가정용 기기 제조업,2004-08-06,krx-kind
065370,위세아이텍,코스닥,소프트웨어 개발 및 공급업,2020-02-10,krx-kind
065420,에스아이리소스,코스닥,기타 화학제품 제조업,2002-08-22,krx-kind
065440,이루온,코스닥,소프트웨어 개발 및 공급업,2003-01-28,krx-kind
065450,빅텍,코스닥,"측정, 시험, 항해, 제어 및 기타 정밀기기 제조업; 광학기기 제외",2003-02-05,krx-kind
065500,오리엔트정공,코스닥,자동차 신품 부품 제조업,2002-09-19,krx-kind
065510,휴비츠,코스닥,의료용 기기 제조업,2003-10-31,krx-kind
065530,와이어블,코스닥,전기 통신업,2002-06-04,krx-kind
065570,삼영이엔씨,코스닥,통신 및 방송 장비 제조업,2003-01-21,krx-kind
065650,하이퍼코퍼레이션,코스닥,기계장비 및 관련 물품 도매업,2003-01-21,krx-kind
065660,안트로젠,코스닥,기타 전문 도매업,2016-02-15,krx-kind
065680,우주일렉트로,코스닥,전자부품 제조업,2004-01-02,krx-kind
065690,파커스,코스닥,고무제품 제조업,2002-07-16,krx-kind
065710,서호전기,코스닥,"전동기, 발전기 및 전기 변환 · 공급 · 제어 장치 제조업",2002-07-16,krx-kind
065770,CS,코스닥,통신 및 방송 장비 제조업,2004-06-04,krx-kind
065950,웰크론,코스닥,직물직조 및 직물제품 제조업,2003-07-29,krx-kind
066130,하츠,코스닥,가정용 기기 제조업,2003-02-11,krx-kind
066310,큐에스아이,코스닥,반도체 제조업,2006-11-24,krx-kind
066360,체리부로,코스닥,"도축, 육류 가공 및 저장 처리업",2017-12-04,krx-kind
066410,버킷스튜디오,코스닥,전기 통신업,2003-12-19,krx-kind
066430,아이로보틱스,코스닥,기타 전문 도매업,2002-12-24,krx-kind
066570,LG전자,유가,통신 및 방송 장비 제조업,2002-04-22,krx-kind
066590,스모트로닉,코스닥,자동차 신품 부품 제조업,2003-02-12,krx-kind
066620,국보디자인,코스닥,실내건축 및 건축마무리 공사업,2002-09-05,krx-kind
066670,디티씨,코스닥,부동산 임대 및 공급업,2002-12-30,krx-kind
066700,테라젠이텍스,코스닥,의약품 제조업,2004-05-27,krx-kind
066790,씨씨에스,코스닥,텔레비전 방송업,2003-05-30,krx-kind
066830,제노텍,코넥스,기타 화학제품 제조업,2016-07-18,krx-kind
066900,디에이피,코스닥,전자부품 제조업,2004-05-14,krx-kind
066910,손오공,코스닥,기타 전문 도매업,2005-01-07,krx-kind
066970,엘앤에프,유가,일차전지 및 이차전지 제조업,2024-01-29,krx-kind
066980,한성크린텍,코스닥,"건축기술, 엔지니어링 및 관련 기술 서비스업",2003-01-17,krx-kind
067000,조이시티,코스닥,소프트웨어 개발 및 공급업,2008-05-30,krx-kind
067010,이씨에스,코스닥,"컴퓨터 프로그래밍, 시스템 통합 및 관리업",2007-12-18,krx-kind
067080,대화제약,코스닥,의약품 제조업,2003-02-14,krx-kind
067160,SOOP,코스닥,소프트웨어 개발 및 공급업,2003-12-19,krx-kind
067170,오텍,코스닥,자동차 재제조 부품 제조업,2003-11-14,krx-kind
067280,멀티캠퍼스,코스닥,기타 교육기관,2006-11-16,krx-kind
067290,JW신약,코스닥,의약품 제조업,2003-02-11,krx-kind
067310,하나마이크론,코스닥,반도체 제조업,2005-10-11,krx-kind
067370,선바이오,코스닥,의약품 제조업,2022-10-05,krx-kind
067390,아스트,코스닥,"항공기,우주선 및 부품 제조업",2014-12-24,krx-kind
067570,엔브이에이치코리아,코스닥,자동차 신품 부품 제조업,2013-12-03,krx-kind
067630,HLB생명과학,코스닥,의료용품 및 기타 의약 관련제품 제조업,2008-11-25,krx-kind
067730,로지시스,코스닥,"컴퓨터 프로그래밍, 시스템 통합 및 관리업",2015-07-29,krx-kind
067770,세진티에스,코스닥,전자부품 제조업,2004-01-09,krx-kind
067830,세이브존I&C,유가,종합 소매업,2002-07-25,krx-kind
067900,와이엔텍,코스닥,폐기물 처리업,2005-12-23,krx-kind
067920,이글루,코스닥,기타 정보 서비스업,2010-08-04,krx-kind
067990,도이치모터스,코스닥,자동차 판매업,2004-12-03,krx-kind
068050,팬엔터테인먼트,코스닥,"영화, 비디오물, 방송프로그램 제작 및 배급업",2006-07-07,krx-kind
068100,케이웨더,코스닥,일반 목적용 기계 제조업,2024-02-22,krx-kind
068240,다원시스,코스닥,"전동기, 발전기 및 전기 변환 · 공급 · 제어 장치 제조업",2010-09-14,krx-kind
068270,셀트리온,유가,기초 의약물질 제조업,2018-02-09,krx-kind
068290,삼성출판사,유가,"서적, 잡지 및 기타 인쇄물 출판업",2002-08-05,krx-kind
068330,일신바이오,코스닥,일반 목적용 기계 제조업,2007-12-26,krx-kind
068760,셀트리온제약,코스닥,의약품 제조업,2006-02-03,krx-kind
068790,DMS,코스닥,특수 목적용 기계 제조업,2004-10-01,krx-kind
068930,디지털대성,코스닥,일반 교습 학원,2003-10-17,krx-kind
068940,셀피글로벌,코스닥,전자부품 제조업,2010-10-19,krx-kind
069080,웹젠,코스닥,소프트웨어 개발 및 공급업,2003-05-23,krx-kind
069140,누리플랜,코스닥,"구조용 금속제품, 탱크 및 증기발생기 제조업",2010-10-26,krx-kind
069260,티케이지휴켐스,유가,기타 화학제품 제조업,2002-10-07,krx-kind
069330,유아이디,코스닥,전자부품 제조업,2003-08-18,krx-kind
069410,엔텔스,코스닥,소프트웨어 개발 및 공급업,2007-06-20,krx-kind
069460,대호에이엘,유가,1차 비철금속 제조업,2002-11-11,krx-kind
069510,에스텍,코스닥,영상 및 음향기기 제조업,2003-11-14,krx-kind
069540,빛과전자,코스닥,통신 및 방송 장비 제조업,2004-02-13,krx-kind
069620,대웅제약,유가,의약품 제조업,2002-11-01,krx-kind
069640,한세엠케이,유가,"섬유, 의복, 신발 및 가죽제품 소매업",2011-06-21,krx-kind
069730,DSR제강,유가,1차 철강 제조업,2003-01-28,krx-kind
069920,엑시온그룹,코스닥,무점포 소매업,2007-12-05,krx-kind
069960,현대백화점,유가,종합 소매업,2002-11-25,krx-kind
070300,퀀텀레일,코스닥,소프트웨어 개발 및 공급업,2010-06-09,krx-kind
070590,인티큐브,코스닥,"컴퓨터 프로그래밍, 시스템 통합 및 관리업",2004-01-08,krx-kind
070960,모나용평,유가,일반 및 생활 숙박시설 운영업,2016-05-27,krx-kind
071050,한국금융지주,유가,기타 금융업,2003-07-21,krx-kind
071090,하이스틸,유가,1차 철강 제조업,2003-02-17,krx-kind
071200,인피니트헬스케어,코스닥,소프트웨어 개발 및 공급업,2010-05-26,krx-kind
071280,로체시스템즈,코스닥,특수 목적용 기계 제조업,2003-11-14,krx-kind
071320,지역난방공사,유가,"증기, 냉·온수 및 공기조절 공급업",2010-01-29,krx-kind
071670,에이테크솔루션,코스닥,특수 목적용 기계 제조업,2009-04-17,krx-kind
071840,롯데하이마트,유가,가전제품 및 정보통신장비 소매업,2011-06-29,krx-kind
071850,캐스텍코리아,코스닥,자동차 신품 부품 제조업,2014-05-27,krx-kind
071950,코아스,유가,가구 제조업,2005-08-04,krx-kind
071970,HD현대마린엔진,유가,일반 목적용 기계 제조업,2009-05-15,krx-kind
072020,중앙백신,코스닥,기초 의약물질 제조업,2003-10-31,krx-kind
072130,유엔젤,유가,"자료처리, 호스팅, 포털 및 기타 인터넷 정보매개 서비스업",2003-07-01,krx-kind
072470,우리산업홀딩스,코스닥,자동차 신품 부품 제조업,2003-10-28,krx-kind
072710,농심홀딩스,유가,기타 금융업,2003-07-30,krx-kind
072770,멤레이비티,코스닥,"컴퓨터 프로그래밍, 시스템 통합 및 관리업",2007-07-25,krx-kind
072870,메가스터디,코스닥,"서적, 잡지 및 기타 인쇄물 출판업",2004-12-21,krx-kind
072950,빛샘전자,코스닥,전자부품 제조업,2012-03-21,krx-kind
072990,에이치시티,코스닥,기타 과학기술 서비스업,2016-10-17,krx-kind
073010,케이에스피,코스닥,일반 목적용 기계 제조업,2004-12-17,krx-kind
073110,엘엠에스,코스닥,전자부품 제조업,2007-10-12,krx-kind
073190,듀오백,코스닥,가구 제조업,2004-02-06,krx-kind
073240,금호타이어,유가,고무제품 제조업,2005-02-17,krx-kind
073490,LIG아큐버,코스닥,통신 및 방송 장비 제조업,2005-02-04,krx-kind
073540,에프알텍,코스닥,통신 및 방송 장비 제조업,2007-05-18,krx-kind
073560,우리손에프앤지,코스닥,"도축, 육류 가공 및 저장 처리업",2016-07-27,krx-kind
073570,리튬포어스,코스닥,그외 기타 제품 제조업,2004-01-06,krx-kind
073640,테라사이언스,코스닥,기타 금속 가공제품 제조업,2004-01-06,krx-kind
074430,아미노로직스,코스닥,기초 의약물질 제조업,2004-06-04,krx-kind
074600,원익QnC,코스닥,유리 및 유리제품 제조업,2003-12-12,krx-kind
074610,이엔플러스,유가,일반 목적용 기계 제조업,2003-12-23,krx-kind
075130,플랜티넷,코스닥,"컴퓨터 프로그래밍, 시스템 통합 및 관리업",2005-06-10,krx-kind
075180,새론오토모티브,유가,자동차 신품 부품 제조업,2005-10-21,krx-kind
075580,세진중공업,유가,선박 및 보트 건조업,2015-11-30,krx-kind
075970,동국알앤에스,코스닥,기타 비금속 광물제품 제조업,2004-02-13,krx-kind
076080,웰크론한텍,코스닥,건물 건설업,2008-07-18,krx-kind
076340,지에이이노더스,코넥스,기반조성 및 시설물 축조관련 전문공사업,2015-05-18,krx-kind
076610,해성옵틱스,코스닥,사진장비 및 광학기기 제조업,2013-11-06,krx-kind
077360,덕산하이메탈,코스닥,반도체 제조업,2005-10-14,krx-kind
077500,유니퀘스트,유가,기계장비 및 관련 물품 도매업,2004-08-05,krx-kind
077970,STX엔진,유가,일반 목적용 기계 제조업,2004-05-10,krx-kind
078000,텔코웨어,유가,"자료처리, 호스팅, 포털 및 기타 인터넷 정보매개 서비스업",2004-07-20,krx-kind
078020,LS증권,코스닥,금융 지원 서비스업,2007-02-21,krx-kind
078070,유비쿼스홀딩스,코스닥,기타 금융업,2009-01-23,krx-kind
078130,국일제지,코스닥,기타 종이 및 판지 제품 제조업,2004-10-22,krx-kind
078140,대봉엘에스,코스닥,의약품 제조업,2005-12-23,krx-kind
078150,HB테크놀러지,코스닥,특수 목적용 기계 제조업,2004-12-08,krx-kind
078160,메디포스트,코스닥,기초 의약물질 제조업,2005-07-29,krx-kind
078340,컴투스,코스닥,소프트웨어 개발 및 공급업,2007-07-06,krx-kind
078350,한양디지텍,코스닥,반도체 제조업,2004-05-14,krx-kind
078520,에이블씨엔씨,유가,기타 화학제품 제조업,2011-09-07,krx-kind
078590,휴림에이텍,코스닥,자동차 신품 부품 제조업,2005-10-27,krx-kind
078600,대주전자재료,코스닥,전자부품 제조업,2004-12-10,krx-kind
078860,아이오케이이엔엠,코스닥,"영화, 비디오물, 방송프로그램 제작 및 배급업",2006-06-27,krx-kind
078890,가온그룹,코스닥,통신 및 방송 장비 제조업,2005-07-12,krx-kind
078930,GS,유가,기타 금융업,2004-08-05,krx-kind
079000,와토스코리아,코스닥,플라스틱제품 제조업,2005-11-15,krx-kind
079160,CJ CGV,유가,"영화, 비디오물, 방송프로그램 제작 및 배급업",2004-12-24,krx-kind
079170,한창산업,코스닥,1차 비철금속 제조업,2005-02-01,krx-kind
079190,케스피온,코스닥,통신 및 방송 장비 제조업,2005-11-29,krx-kind
079370,제우스,코스닥,특수 목적용 기계 제조업,2006-02-01,krx-kind
079430,현대리바트,유가,가구 제조업,2005-11-22,krx-kind
079550,LIG디펜스앤에어로스페이스,유가,무기 및 총포탄 제조업,2015-10-02,krx-kind
079650,서산,코스닥,"시멘트, 석회, 플라스터 및 그 제품 제조업",2005-01-21,krx-kind
079810,APS이노베이션,코스닥,기타 전기장비 제조업,2005-01-26,krx-kind
079900,전진건설로봇,유가,특수 목적용 기계 제조업,2024-08-19,krx-kind
079940,가비아,코스닥,소프트웨어 개발 및 공급업,2005-10-19,krx-kind
079950,인베니아,코스닥,특수 목적용 기계 제조업,2005-02-04,krx-kind
079960,동양이엔피,코스닥,"전동기, 발전기 및 전기 변환 · 공급 · 제어 장치 제조업",2005-02-01,krx-kind
079970,투비소프트,코스닥,소프트웨어 개발 및 공급업,2010-06-01,krx-kind
079980,휴비스,유가,화학섬유 제조업,2012-02-23,krx-kind
080010,이상네트웍스,코스닥,상품 중개업,2005-09-30,krx-kind
080160,모두투어,코스닥,여행사 및 기타 여행보조 서비스업,2005-07-26,krx-kind
080220,제주반도체,코스닥,반도체 제조업,2005-02-01,krx-kind
080420,모다이노칩,코스닥,"섬유, 의복, 신발 및 가죽제품 소매업",2005-12-06,krx-kind
080470,성창오토텍,코스닥,자동차 신품 부품 제조업,2006-11-03,krx-kind
080520,오디텍,코스닥,반도체 제조업,2007-10-08,krx-kind
080530,코디,코스닥,기타 화학제품 제조업,2010-01-05,krx-kind
080580,오킨스전자,코스닥,전자부품 제조업,2014-12-24,krx-kind
080720,한국유니온제약,코스닥,의약품 제조업,2018-07-26,krx-kind
081000,일진다이아,유가,기타 화학제품 제조업,2004-12-22,krx-kind
081150,티플랙스,코스닥,1차 비철금속 제조업,2009-04-23,krx-kind
081180,쎄크,코스닥,일반 목적용 기계 제조업,2025-04-28,krx-kind
081580,성우전자,코스닥,통신 및 방송 장비 제조업,2007-10-12,krx-kind
081660,미스토홀딩스,유가,생활용품 도매업,2010-09-28,krx-kind
082210,옵트론텍,코스닥,사진장비 및 광학기기 제조업,2005-06-24,krx-kind
082270,젬백스,코스닥,특수 목적용 기계 제조업,2005-06-24,krx-kind
082740,한화엔진,유가,일반 목적용 기계 제조업,2011-01-04,krx-kind
082800,비보존 제약,코스닥,의약품 제조업,2005-11-18,krx-kind
082850,우리바이오,코스닥,기타 식품 제조업,2005-07-29,krx-kind
082920,비츠로셀,코스닥,일차전지 및 이차전지 제조업,2009-10-28,krx-kind
083310,엘오티베큠,코스닥,특수 목적용 기계 제조업,2005-10-05,krx-kind
083420,그린케미칼,유가,기타 화학제품 제조업,2005-10-20,krx-kind
083450,GST,코스닥,특수 목적용 기계 제조업,2006-02-01,krx-kind
083470,이엠앤아이,코스닥,기초 화학물질 제조업,2008-09-18,krx-kind
083500,에프엔에스테크,코스닥,특수 목적용 기계 제조업,2017-02-27,krx-kind
083550,케이엠,코스닥,기타 섬유제품 제조업,2005-12-20,krx-kind
083640,인콘,코스닥,상품 종합 도매업,2005-12-27,krx-kind
083650,비에이치아이,코스닥,일반 목적용 기계 제조업,2005-12-02,krx-kind
083660,CSA 코스믹,코스닥,기타 화학제품 제조업,2006-07-25,krx-kind
083790,CG인바이츠,코스닥,자연과학 및 공학 연구개발업,2006-01-06,krx-kind
083930,아바코,코스닥,특수 목적용 기계 제조업,2005-10-11,krx-kind
084010,대한제강,유가,1차 철강 제조업,2005-10-31,krx-kind
084110,휴온스글로벌,코스닥,의약품 제조업,2006-12-19,krx-kind
084180,수성웹툰,코스닥,일반 목적용 기계 제조업,2005-12-16,krx-kind
084370,유진테크,코스닥,특수 목적용 기계 제조업,2006-01-17,krx-kind
084440,유비온,코스닥,소프트웨어 개발 및 공급업,2022-11-18,krx-kind
084650,랩지노믹스,코스닥,자연과학 및 공학 연구개발업,2014-12-16,krx-kind
084670,동양고속,유가,육상 여객 운송업,2005-07-25,krx-kind
084680,이월드,유가,귀금속 및 장신용품 제조업,2005-07-26,krx-kind
084690,대상홀딩스,유가,기타 금융업,2005-08-17,krx-kind
084730,팅크웨어,코스닥,통신 및 방송 장비 제조업,2006-05-19,krx-kind
084850,아이티엠반도체,코스닥,전자부품 제조업,2019-11-07,krx-kind
084870,티비에이치글로벌,유가,봉제의복 제조업,2005-12-19,krx-kind
084990,헬릭스미스,코스닥,자연과학 및 공학 연구개발업,2005-12-29,krx-kind
085310,엔케이,유가,"구조용 금속제품, 탱크 및 증기발생기 제조업",2008-01-24,krx-kind
085620,미래에셋생명,유가,보험업,2015-07-08,krx-kind
085660,차바이오텍,코스닥,기초 의약물질 제조업,2005-12-27,krx-kind
085670,뉴프렉스,코스닥,전자부품 제조업,2006-01-17,krx-kind
085810,알티캐스트,코스닥,소프트웨어 개발 및 공급업,2013-12-06,krx-kind
085910,네오티스,코스닥,자동차 신품 부품 제조업,2007-10-01,krx-kind
086040,바이오톡스텍,코스닥,자연과학 및 공학 연구개발업,2007-09-21,krx-kind
086060,진바이오텍,코스닥,산업용 농·축산물 및 동·식물 도매업,2006-04-28,krx-kind
086220,광동헬스바이오,코넥스,기타 식품 제조업,2015-07-09,krx-kind
086280,현대글로비스,유가,기타 운송관련 서비스업,2005-12-26,krx-kind
086390,유니테스트,코스닥,특수 목적용 기계 제조업,2006-12-05,krx-kind
086450,동국제약,코스닥,의약품 제조업,2007-05-29,krx-kind
086520,에코프로,코스닥,기타 금융업,2007-07-20,krx-kind
086670,비엠티,코스닥,일반 목적용 기계 제조업,2007-11-02,krx-kind
086710,선진뷰티사이언스,코스닥,기타 화학제품 제조업,2021-01-27,krx-kind
086790,하나금융지주,유가,기타 금융업,2005-12-12,krx-kind
086820,바이오솔루션,코스닥,기초 의약물질 제조업,2018-08-20,krx-kind
086890,이수앱지스,코스닥,의료용품 및 기타 의약 관련제품 제조업,2009-02-03,krx-kind
086900,메디톡스,코스닥,기초 의약물질 제조업,2009-01-16,krx-kind
086960,MDS테크,코스닥,소프트웨어 개발 및 공급업,2006-09-26,krx-kind
086980,쇼박스,코스닥,"영화, 비디오물, 방송프로그램 제작 및 배급업",2006-07-07,krx-kind
087010,펩트론,코스닥,기초 의약물질 제조업,2015-07-22,krx-kind
087260,모바일어플라이언스,코스닥,소프트웨어 개발 및 공급업,2017-02-24,krx-kind
087600,픽셀플러스,코스닥,전자부품 제조업,2015-06-12,krx-kind
088130,동아엘텍,코스닥,특수 목적용 기계 제조업,2007-01-03,krx-kind
088260,이리츠코크렙,유가,부동산 임대 및 공급업,2018-06-27,krx-kind
088280,쏘닉스,코스닥,반도체 제조업,2023-11-07,krx-kind
088290,이원컴포텍,코스닥,자동차 신품 부품 제조업,2009-12-01,krx-kind
088340,유라클,코스닥,소프트웨어 개발 및 공급업,2024-08-16,krx-kind
088350,한화생명,유가,보험업,2010-03-17,krx-kind
088390,이녹스,코스닥,그외 기타 운송장비 제조업,2006-10-20,krx-kind
088790,진도,유가,기타 전문 도매업,2006-03-28,krx-kind
088800,에이스테크,코스닥,통신 및 방송 장비 제조업,2006-03-27,krx-kind
088910,동우팜투테이블,코스닥,"도축, 육류 가공 및 저장 처리업",2006-06-23,krx-kind
088980,맥쿼리인프라,유가,신탁업 및 집합투자업,2006-03-15,krx-kind
089010,켐트로닉스,코스닥,기타 화학제품 제조업,2007-01-17,krx-kind
089030,테크윙,코스닥,특수 목적용 기계 제조업,2011-11-10,krx-kind
089140,넥스턴앤롤코리아,코스닥,특수 목적용 기계 제조업,2006-11-01,krx-kind
089150,케이씨티,코스닥,"컴퓨터 프로그래밍, 시스템 통합 및 관리업",2006-12-13,krx-kind
089230,THE E&M,코스닥,기타 정보 서비스업,2006-10-10,krx-kind
089470,HDC현대EP,유가,기타 화학제품 제조업,2006-09-25,krx-kind
089590,제주항공,유가,항공 여객 운송업,2015-11-06,krx-kind
089600,KT나스미디어,코스닥,광고업,2013-07-17,krx-kind
089790,제이티,코스닥,특수 목적용 기계 제조업,2006-10-27,krx-kind
089850,유비벨록스,코스닥,소프트웨어 개발 및 공급업,2010-06-18,krx-kind
089860,롯데렌탈,유가,운송장비 임대업,2021-08-19,krx-kind
089890,코세스,코스닥,특수 목적용 기계 제조업,2006-11-08,krx-kind
089970,브이엠,코스닥,특수 목적용 기계 제조업,2018-08-23,krx-kind
089980,상아프론테크,코스닥,플라스틱제품 제조업,2011-07-21,krx-kind
090080,평화산업,유가,자동차 신품 부품 제조업,2006-06-02,krx-kind
090150,아이윈,코스닥,자동차 신품 부품 제조업,2006-10-20,krx-kind
090350,노루페인트,유가,기타 화학제품 제조업,2006-07-03,krx-kind
090360,로보스타,코스닥,특수 목적용 기계 제조업,2011-10-17,krx-kind
090370,메타랩스,유가,봉제의복 제조업,2006-12-26,krx-kind
090410,덕신이피씨,코스닥,"구조용 금속제품, 탱크 및 증기발생기 제조업",2014-08-01,krx-kind
090430,아모레퍼시픽,유가,기타 화학제품 제조업,2006-06-29,krx-kind
090460,비에이치,유가,전자부품 제조업,2023-06-20,krx-kind
090470,제이스로보틱스,코스닥,특수 목적용 기계 제조업,2007-01-10,krx-kind
090710,휴림로봇,코스닥,특수 목적용 기계 제조업,2006-12-05,krx-kind
090850,현대이지웰,코스닥,소프트웨어 개발 및 공급업,2013-12-27,krx-kind
091120,이엠텍,코스닥,전자부품 제조업,2007-05-02,krx-kind
091340,S&K폴리텍,코스닥,전자부품 제조업,2007-07-30,krx-kind
091440,한울소재과학,코스닥,통신 및 방송 장비 제조업,2008-02-01,krx-kind
091580,상신이디피,코스닥,일차전지 및 이차전지 제조업,2007-05-23,krx-kind
091590,남화토건,코스닥,건물 건설업,2012-01-31,krx-kind
091700,파트론,코스닥,전자부품 제조업,2006-12-13,krx-kind
091810,트리니티항공,유가,항공 여객 운송업,2018-08-01,krx-kind
091970,LSK아이로봇,코스닥,플라스틱제품 제조업,2007-01-30,krx-kind
092040,아미코젠,코스닥,기타 식품 제조업,2013-09-12,krx-kind
092070,디엔에프,코스닥,기타 화학제품 제조업,2007-11-16,krx-kind
092130,이크레더블,코스닥,기타 정보 서비스업,2008-10-24,krx-kind
092190,서울바이오시스,코스닥,반도체 제조업,2020-03-06,krx-kind
092200,디아이씨,유가,자동차 신품 부품 제조업,2007-10-18,krx-kind
092220,KEC,유가,반도체 제조업,2006-10-16,krx-kind
092230,KPX홀딩스,유가,기초 화학물질 제조업,2006-10-12,krx-kind
092300,현우산업,코스닥,전자부품 제조업,2007-10-24,krx-kind
092440,기신정기,유가,특수 목적용 기계 제조업,2007-10-30,krx-kind
092460,한라IMS,코스닥,선박 및 보트 건조업,2007-05-22,krx-kind
092590,럭스피아,코넥스,반도체 제조업,2015-10-30,krx-kind
092600,앤씨앤,코스닥,반도체 제조업,2007-06-26,krx-kind
092730,네오팜,코스닥,기타 화학제품 제조업,2007-01-30,krx-kind
092780,DYP,유가,자동차용 엔진 및 자동차 제조업,2017-12-08,krx-kind
092790,넥스틸,유가,1차 철강 제조업,2023-08-21,krx-kind
092870,엑시콘,코스닥,특수 목적용 기계 제조업,2015-10-22,krx-kind
093050,LF,유가,봉제의복 제조업,2006-12-01,krx-kind
093190,빅솔론,코스닥,컴퓨터 및 주변장치 제조업,2007-08-20,krx-kind
093240,형지엘리트,유가,봉제의복 제조업,2009-09-28,krx-kind
093320,케이아이엔엑스,코스닥,"자료처리, 호스팅, 포털 및 기타 인터넷 정보매개 서비스업",2011-02-08,krx-kind
093370,후성,유가,기초 화학물질 제조업,2006-12-22,krx-kind
093380,풍강,코스닥,기타 금속 가공제품 제조업,2007-06-01,krx-kind
093510,엔지브이아이,코넥스,자동차 신품 부품 제조업,2019-09-30,krx-kind
093520,매커스,코스닥,기계장비 및 관련 물품 도매업,2007-02-12,krx-kind
093640,케이알엠,코스닥,반도체 제조업,2007-10-19,krx-kind
093920,서원인텍,코스닥,통신 및 방송 장비 제조업,2007-12-20,krx-kind
094170,동운아나텍,코스닥,반도체 제조업,2015-06-30,krx-kind
094280,효성 ITX,유가,기타 사업지원 서비스업,2007-10-25,krx-kind
094360,칩스앤미디어,코스닥,반도체 제조업,2015-08-05,krx-kind
094480,갤럭시아머니트리,코스닥,소프트웨어 개발 및 공급업,2007-07-20,krx-kind
094800,맵스리얼티,유가,신탁업 및 집합투자업,2007-04-09,krx-kind
094820,일진파워,코스닥,전기 및 통신 공사업,2007-11-06,krx-kind
094840,슈프리마에이치큐,코스닥,통신 및 방송 장비 제조업,2008-07-11,krx-kind
094850,참좋은여행,코스닥,여행사 및 기타 여행보조 서비스업,2007-04-30,krx-kind
094860,네오리진,코스닥,소프트웨어 개발 및 공급업,2007-04-16,krx-kind
094940,푸른로보틱스,코스닥,컴퓨터 및 주변장치 제조업,2007-09-14,krx-kind
094970,제이엠티,코스닥,전자부품 제조업,2007-10-12,krx-kind
095190,신화프리텍,코스닥,기타 금속 가공제품 제조업,2007-10-29,krx-kind
095270,웨이브일렉트로,코스닥,"측정, 시험, 항해, 제어 및 기타 정밀기기 제조업; 광학기기 제외",2007-09-12,krx-kind
095340,ISC,코스닥,기계장비 및 관련 물품 도매업,2007-10-01,krx-kind
095500,미래나노텍,코스닥,플라스틱제품 제조업,2007-10-01,krx-kind
095570,AJ네트웍스,유가,산업용 기계 및 장비 임대업,2015-08-21,krx-kind
095610,테스,코스닥,특수 목적용 기계 제조업,2008-05-20,krx-kind
095660,네오위즈,코스닥,소프트웨어 개발 및 공급업,2007-07-02,krx-kind
095700,제넥신,코스닥,자연과학 및 공학 연구개발업,2009-09-15,krx-kind
095720,웅진씽크빅,유가,초등 교육기관,2007-05-31,krx-kind
095910,에스에너지,코스닥,"전동기, 발전기 및 전기 변환 · 공급 · 제어 장치 제조업",2007-10-16,krx-kind
096240,크레버스,코스닥,일반 교습 학원,2008-06-27,krx-kind
096250,와이즈넛,코스닥,소프트웨어 개발 및 공급업,2025-01-24,krx-kind
096350,대창솔루션,코스닥,"구조용 금속제품, 탱크 및 증기발생기 제조업",2007-12-17,krx-kind
096530,씨젠,코스닥,의료용품 및 기타 의약 관련제품 제조업,2010-09-10,krx-kind
096630,에스코넥,코스닥,통신 및 방송 장비 제조업,2007-12-26,krx-kind
096690,에이루트,코스닥,컴퓨터 및 주변장치 제조업,2010-12-01,krx-kind
096760,JW홀딩스,유가,기타 금융업,2007-07-31,krx-kind
096770,SK이노베이션,유가,석유 정제품 제조업,2007-07-25,krx-kind
096870,엘디티,코스닥,반도체 제조업,2008-05-02,krx-kind
097230,HJ중공업,유가,토목 건설업,2007-08-31,krx-kind
097520,엠씨넥스,유가,영상 및 음향기기 제조업,2021-07-06,krx-kind
097780,에코볼트,코스닥,자동차 신품 부품 제조업,2008-01-23,krx-kind
097800,윈팩,코스닥,반도체 제조업,2013-03-07,krx-kind
097870,효성오앤비,코스닥,"비료, 농약 및 살균, 살충제 제조업",2008-04-08,krx-kind
097950,CJ제일제당,유가,기타 식품 제조업,2007-09-28,krx-kind
098070,한텍,코스닥,"구조용 금속제품, 탱크 및 증기발생기 제조업",2025-03-20,krx-kind
098120,마이크로컨텍솔,코스닥,전자부품 제조업,2008-09-23,krx-kind
098460,고영,코스닥,특수 목적용 기계 제조업,2008-06-03,krx-kind
098660,에스티오,코스닥,봉제의복 제조업,2009-04-17,krx-kind
099190,아이센스,코스닥,의료용 기기 제조업,2013-01-30,krx-kind
099220,SDN,코스닥,기계장비 및 관련 물품 도매업,2009-05-19,krx-kind
099320,쎄트렉아이,코스닥,"항공기,우주선 및 부품 제조업",2008-06-13,krx-kind
099390,브레인즈컴퍼니,코스닥,소프트웨어 개발 및 공급업,2021-08-19,krx-kind
099410,동방선기,코스닥,선박 및 보트 건조업,2009-11-10,krx-kind
099430,바이오플러스,코스닥,기초 의약물질 제조업,2021-09-27,krx-kind
099440,스맥,코스닥,특수 목적용 기계 제조업,2009-05-26,krx-kind
099520,DGI,코스닥,영상 및 음향기기 제조업,2009-12-22,krx-kind
099750,이지케어텍,코스닥,소프트웨어 개발 및 공급업,2019-03-22,krx-kind
100030,인지소프트,코스닥,소프트웨어 개발 및 공급업,2010-05-25,krx-kind
100090,SK오션플랜트,유가,1차 철강 제조업,2023-04-19,krx-kind
100120,뷰웍스,코스닥,의료용 기기 제조업,2009-04-10,krx-kind
100130,동국S&C,코스닥,"구조용 금속제품, 탱크 및 증기발생기 제조업",2009-08-31,krx-kind
100220,비상교육,유가,"서적, 잡지 및 기타 인쇄물 출판업",2008-06-30,krx-kind
100250,진양홀딩스,유가,플라스틱제품 제조업,2008-02-15,krx-kind
100590,머큐리,코스닥,통신 및 방송 장비 제조업,2018-12-14,krx-kind
100660,서암기계공업,코스닥,일반 목적용 기계 제조업,2011-12-19,krx-kind
100700,세운메디칼,코스닥,의료용품 및 기타 의약 관련제품 제조업,2008-09-30,krx-kind
100790,미래에셋벤처투자,코스닥,기타 금융업,2019-03-15,krx-kind
100840,SNT에너지,유가,일반 목적용 기계 제조업,2008-02-22,krx-kind
101000,KS인더스트리,코스닥,특수 목적용 기계 제조업,2009-11-06,krx-kind
101140,인바이오젠,유가,기계장비 및 관련 물품 도매업,2008-04-02,krx-kind
101160,월덱스,코스닥,전자부품 제조업,2008-06-19,krx-kind
101170,우림피티에스,코스닥,일반 목적용 기계 제조업,2009-04-28,krx-kind
101240,씨큐브,코스닥,기초 화학물질 제조업,2011-11-08,krx-kind
101330,모베이스,코스닥,통신 및 방송 장비 제조업,2010-02-04,krx-kind
101360,에코앤드림,코스닥,일차전지 및 이차전지 제조업,2020-07-30,krx-kind
101400,엔시트론,코스닥,반도체 제조업,2009-03-31,krx-kind
101490,에스앤에스텍,코스닥,전자부품 제조업,2009-04-14,krx-kind
101530,해태제과식품,유가,기타 식품 제조업,2016-05-11,krx-kind
101670,하이드로리튬,코스닥,"구조용 금속제품, 탱크 및 증기발생기 제조업",2008-07-15,krx-kind
101680,한국정밀기계,코스닥,특수 목적용 기계 제조업,2009-05-19,krx-kind
101730,위메이드맥스,코스닥,소프트웨어 개발 및 공급업,2009-06-03,krx-kind
101930,인화정공,코스닥,선박 및 보트 건조업,2010-10-22,krx-kind
101970,우양에이치씨,코스닥,"구조용 금속제품, 탱크 및 증기발생기 제조업",2025-03-28,krx-kind
102120,어보브반도체,코스닥,반도체 제조업,2009-06-05,krx-kind
102260,동성케미컬,유가,합성고무 및 플라스틱 물질 제조업,2008-06-23,krx-kind
102370,케이옥션,코스닥,상품 중개업,2022-01-24,krx-kind
102460,이연제약,유가,의약품 제조업,2010-06-10,krx-kind
102710,이엔에프테크놀로지,코스닥,기타 화학제품 제조업,2009-05-28,krx-kind
102940,코오롱생명과학,코스닥,기초 의약물질 제조업,2009-04-07,krx-kind
102950,아하,코넥스,전자부품 제조업,2022-11-30,krx-kind
103140,풍산,유가,1차 비철금속 제조업,2008-07-30,krx-kind
103230,에스앤더블류,코스닥,일반 목적용 기계 제조업,2009-08-05,krx-kind
103590,일진전기,유가,절연선 및 케이블 제조업,2008-08-01,krx-kind
103660,씨앗,코넥스,기타 화학제품 제조업,2015-06-22,krx-kind
103840,우양,코스닥,"과실, 채소 가공 및 저장 처리업",2019-11-20,krx-kind
104040,디에스엠,코스닥,자동차 신품 부품 제조업,2009-01-23,krx-kind
104200,NHN벅스,코스닥,기타 정보 서비스업,2009-10-06,krx-kind
104460,디와이피엔에프,코스닥,일반 목적용 기계 제조업,2009-12-22,krx-kind
104480,티케이케미칼,코스닥,화학섬유 제조업,2011-04-26,krx-kind
104540,코렌텍,코스닥,의료용 기기 제조업,2013-03-05,krx-kind
104620,노랑풍선,코스닥,여행사 및 기타 여행보조 서비스업,2019-01-30,krx-kind
104700,한국철강,유가,1차 철강 제조업,2008-09-29,krx-kind
104830,원익머트리얼즈,코스닥,기초 화학물질 제조업,2011-12-28,krx-kind
105330,케이엔더블유,코스닥,자동차 신품 부품 제조업,2009-09-29,krx-kind
105550,엣지파운드리,코스닥,전자부품 제조업,2014-07-11,krx-kind
105560,KB금융,유가,기타 금융업,2008-10-10,krx-kind
105630,한세실업,유가,봉제의복 제조업,2009-03-20,krx-kind
105740,디케이락,코스닥,일반 목적용 기계 제조업,2010-11-12,krx-kind
105760,포스뱅크,코스닥,일반 목적용 기계 제조업,2024-01-29,krx-kind
105840,우진,유가,"측정, 시험, 항해, 제어 및 기타 정밀기기 제조업; 광학기기 제외",2010-07-26,krx-kind
106080,케이이엠텍,코스닥,전자부품 제조업,2010-02-09,krx-kind
106190,하이텍팜,코스닥,기초 의약물질 제조업,2010-07-28,krx-kind
106240,파인테크닉스,코스닥,전구 및 조명장치 제조업,2009-03-16,krx-kind
107590,미원홀딩스,유가,기타 금융업,2009-03-02,krx-kind
107600,새빗켐,코스닥,기타 화학제품 제조업,2022-08-04,krx-kind
107640,한중엔시에스,코스닥,"전동기, 발전기 및 전기 변환 · 공급 · 제어 장치 제조업",2024-06-24,krx-kind
108230,톱텍,코스닥,특수 목적용 기계 제조업,2009-09-15,krx-kind
108320,LX세미콘,유가,반도체 제조업,2022-11-03,krx-kind
108380,대양전기공업,코스닥,선박 및 보트 건조업,2011-07-08,krx-kind
108490,로보티즈,코스닥,특수 목적용 기계 제조업,2018-10-26,krx-kind
108670,LX하우시스,유가,플라스틱제품 제조업,2009-04-20,krx-kind
108860,셀바스AI,코스닥,소프트웨어 개발 및 공급업,2009-12-10,krx-kind
109070,주성코퍼레이션,유가,통신 및 방송 장비 제조업,2009-03-17,krx-kind
109080,옵티시스,코스닥,통신 및 방송 장비 제조업,2011-07-12,krx-kind
109610,에스와이,코스닥,"구조용 금속제품, 탱크 및 증기발생기 제조업",2015-12-29,krx-kind
109670,씨싸이트,코스닥,봉제의복 제조업,2023-12-21,krx-kind
109740,디에스케이,코스닥,특수 목적용 기계 제조업,2009-09-23,krx-kind
109820,진매트릭스,코스닥,자연과학 및 공학 연구개발업,2009-11-06,krx-kind
109860,동일금속,코스닥,금속 주조업,2009-07-28,krx-kind
109960,앱토크롬,코스닥,기타 전문 도매업,2009-11-13,krx-kind
110020,전진바이오팜,코스닥,기타 화학제품 제조업,2018-12-14,krx-kind
110790,크리스에프앤씨,코스닥,봉제의복 제조업,2018-10-01,krx-kind
110990,디아이티,코스닥,특수 목적용 기계 제조업,2018-08-07,krx-kind
111110,호전실업,유가,봉제의복 제조업,2017-02-02,krx-kind
111380,동인기연,유가,"가죽, 가방 및 유사제품 제조업",2023-11-21,krx-kind
111710,남화산업,코스닥,스포츠 서비스업,2018-11-29,krx-kind
111770,영원무역,유가,상품 종합 도매업,2009-07-30,krx-kind
112040,위메이드,코스닥,소프트웨어 개발 및 공급업,2009-12-18,krx-kind
112190,KC산업,코넥스,토목 건설업,2016-05-31,krx-kind
112290,와이씨켐,코스닥,기타 화학제품 제조업,2022-07-14,krx-kind
112610,씨에스윈드,유가,"구조용 금속제품, 탱크 및 증기발생기 제조업",2014-11-27,krx-kind
113810,디젠스,코스닥,자동차 신품 부품 제조업,2012-11-22,krx-kind
114090,GKL,유가,유원지 및 기타 오락관련 서비스업,2009-11-19,krx-kind
114190,강원에너지,코스닥,기타 전기장비 제조업,2009-11-20,krx-kind
114450,그린생명과학,코스닥,기초 의약물질 제조업,2009-12-22,krx-kind
114630,폴라리스우노,코스닥,화학섬유 제조업,2010-01-15,krx-kind
114810,한솔아이원스,코스닥,특수 목적용 기계 제조업,2013-02-07,krx-kind
114840,아이패밀리에스씨,코스닥,기타 화학제품 제조업,2021-10-28,krx-kind
114920,대주이엔티,코넥스,1차 철강 제조업,2013-07-01,krx-kind
115160,휴맥스,코스닥,기계장비 및 관련 물품 도매업,2009-11-16,krx-kind
115180,큐리언트,코스닥,자연과학 및 공학 연구개발업,2016-02-29,krx-kind
115310,인포바인,코스닥,전기 통신업,2010-02-09,krx-kind
115440,우리넷,코스닥,통신 및 방송 장비 제조업,2010-01-27,krx-kind
115450,HLB테라퓨틱스,코스닥,기타 전문 도매업,2010-03-26,krx-kind
115480,씨유메디칼,코스닥,의료용 기기 제조업,2011-12-15,krx-kind
115500,케이씨에스,코스닥,"컴퓨터 프로그래밍, 시스템 통합 및 관리업",2010-04-14,krx-kind
115530,씨엔플러스,코스닥,전자부품 제조업,2011-11-02,krx-kind
115570,스타플렉스,코스닥,플라스틱제품 제조업,2010-01-27,krx-kind
115610,이미지스,코스닥,반도체 제조업,2010-02-26,krx-kind
116100,태양기계,코넥스,자동차 신품 부품 제조업,2013-07-01,krx-kind
117580,대성에너지,유가,연료용 가스 제조 및 배관공급업,2010-12-24,krx-kind
117670,알파칩스,코스닥,반도체 제조업,2010-09-17,krx-kind
117730,티로보틱스,코스닥,특수 목적용 기계 제조업,2018-11-29,krx-kind
118000,메타케어,유가,기계장비 및 관련 물품 도매업,2009-12-30,krx-kind
118990,모트렉스,코스닥,자동차 신품 부품 제조업,2017-08-04,krx-kind
119500,포메탈,코스닥,기타 금속 가공제품 제조업,2010-09-17,krx-kind
119610,인터로조,코스닥,의료용 기기 제조업,2010-07-28,krx-kind
119650,KC코트렐,유가,일반 목적용 기계 제조업,2010-01-29,krx-kind
119830,아이텍,코스닥,"그외 기타 전문, 과학 및 기술 서비스업",2010-10-26,krx-kind
119850,지엔씨에너지,코스닥,"전동기, 발전기 및 전기 변환 · 공급 · 제어 장치 제조업",2013-10-02,krx-kind
120030,조선선재,유가,기타 금속 가공제품 제조업,2010-02-19,krx-kind
120110,코오롱인더,유가,화학섬유 제조업,2010-02-01,krx-kind
120240,대정화금,코스닥,기초 화학물질 제조업,2010-12-20,krx-kind
121060,유니포인트,코넥스,"컴퓨터 프로그래밍, 시스템 통합 및 관리업",2014-10-24,krx-kind
121440,골프존홀딩스,코스닥,상품 중개업,2011-05-20,krx-kind
121600,나노신소재,코스닥,기타 화학제품 제조업,2011-02-09,krx-kind
121800,비덴트,코스닥,통신 및 방송 장비 제조업,2011-12-01,krx-kind
121890,에스디시스템,코스닥,전자부품 제조업,2010-07-16,krx-kind
122310,제노레이,코스닥,의료용 기기 제조업,2018-05-28,krx-kind
122350,삼기,코스닥,자동차 신품 부품 제조업,2010-03-19,krx-kind
122450,KX,코스닥,텔레비전 방송업,2011-05-25,krx-kind
122640,예스티,코스닥,특수 목적용 기계 제조업,2015-12-16,krx-kind
122690,서진오토모티브,코스닥,자동차 신품 부품 제조업,2010-05-25,krx-kind
122830,원포유,코넥스,소프트웨어 개발 및 공급업,2020-10-23,krx-kind
122870,와이지엔터테인먼트,코스닥,오디오물 출판 및 원판 녹음업,2011-11-23,krx-kind
122900,아이마켓코리아,유가,상품 종합 도매업,2010-07-30,krx-kind
122990,와이솔,코스닥,전자부품 제조업,2010-09-10,krx-kind
123010,MSDI,코스닥,전자부품 제조업,2016-07-20,krx-kind
123040,엠에스오토텍,코스닥,자동차 신품 부품 제조업,2010-08-06,krx-kind
123330,제닉,코스닥,기타 화학제품 제조업,2011-08-03,krx-kind
123410,코리아에프티,코스닥,자동차 신품 부품 제조업,2010-08-27,krx-kind
123420,위메이드플레이,코스닥,소프트웨어 개발 및 공급업,2010-11-10,krx-kind
123570,이엠넷,코스닥,광고업,2011-11-25,krx-kind
123690,한국화장품,유가,생활용품 도매업,2010-06-01,krx-kind
123700,에스제이엠,유가,자동차 신품 부품 제조업,2010-05-31,krx-kind
123750,알톤,코스닥,그외 기타 운송장비 제조업,2010-07-02,krx-kind
123840,뉴온,코스닥,기타 식품 제조업,2010-10-05,krx-kind
123860,아나패스,코스닥,반도체 제조업,2010-11-05,krx-kind
123890,한국자산신탁,유가,신탁업 및 집합투자업,2016-07-13,krx-kind
124500,아이티센글로벌,코스닥,"컴퓨터 프로그래밍, 시스템 통합 및 관리업",2014-12-23,krx-kind
124560,태웅로직스,코스닥,기타 운송관련 서비스업,2019-12-10,krx-kind
125020,티씨머티리얼즈,코스닥,절연선 및 케이블 제조업,2025-05-15,krx-kind
125210,아모그린텍,코스닥,전자부품 제조업,2019-03-29,krx-kind
125490,한라캐스트,코스닥,자동차 신품 부품 제조업,2025-08-20,krx-kind
126340,비나텍,코스닥,일차전지 및 이차전지 제조업,2020-09-23,krx-kind
126560,현대퓨처넷,유가,전기 통신업,2010-12-23,krx-kind
126600,BGF에코머티리얼즈,코스닥,합성고무 및 플라스틱 물질 제조업,2010-11-12,krx-kind
126640,화신정공,코스닥,자동차 신품 부품 제조업,2010-08-31,krx-kind
126700,하이비젼시스템,코스닥,사진장비 및 광학기기 제조업,2010-09-10,krx-kind
126720,수산인더스트리,유가,전기 및 통신 공사업,2022-08-01,krx-kind
126730,코칩,코스닥,전자부품 제조업,2024-05-07,krx-kind
126880,제이엔케이글로벌,코스닥,일반 목적용 기계 제조업,2011-01-31,krx-kind
127120,제이에스링크,코스닥,자연과학 및 공학 연구개발업,2011-12-26,krx-kind
127710,아시아경제,코스닥,"자료처리, 호스팅, 포털 및 기타 인터넷 정보매개 서비스업",2015-07-31,krx-kind
127980,화인써키트,코스닥,전자부품 제조업,2023-02-17,krx-kind
128540,에코캡,코스닥,자동차 신품 부품 제조업,2018-12-05,krx-kind
128660,피제이메탈,코스닥,1차 비철금속 제조업,2010-12-13,krx-kind
128820,대성산업,유가,연료 소매업,2010-07-30,krx-kind
128940,한미약품,유가,의약품 제조업,2010-07-30,krx-kind
129260,인터지스,유가,도로 화물 운송업,2011-12-16,krx-kind
129890,앱코,코스닥,컴퓨터 및 주변장치 제조업,2020-12-02,krx-kind
129920,대성하이텍,코스닥,특수 목적용 기계 제조업,2022-08-22,krx-kind
130500,GH신소재,코스닥,기타 섬유제품 제조업,2013-08-02,krx-kind
130580,나이스디앤비,코스닥,기타 사업지원 서비스업,2011-12-22,krx-kind
130660,한전산업,유가,"건축기술, 엔지니어링 및 관련 기술 서비스업",2010-12-16,krx-kind
130740,티피씨글로벌,코스닥,자동차 신품 부품 제조업,2011-02-08,krx-kind
131030,옵투스제약,코스닥,의약품 제조업,2010-12-03,krx-kind
131090,시큐브,코스닥,소프트웨어 개발 및 공급업,2011-12-21,krx-kind
131100,티엔엔터테인먼트,코스닥,"영화, 비디오물, 방송프로그램 제작 및 배급업",2011-06-14,krx-kind
131180,딜리,코스닥,컴퓨터 및 주변장치 제조업,2011-01-31,krx-kind
131220,대한과학,코스닥,기계장비 및 관련 물품 도매업,2011-10-11,krx-kind
131290,티에스이,코스닥,"측정, 시험, 항해, 제어 및 기타 정밀기기 제조업; 광학기기 제외",2011-01-05,krx-kind
131370,알서포트,코스닥,소프트웨어 개발 및 공급업,2011-01-05,krx-kind
131400,이브이첨단소재,코스닥,전자부품 제조업,2010-12-27,krx-kind
131760,파인텍,코스닥,특수 목적용 기계 제조업,2015-08-17,krx-kind
131970,두산테스나,코스닥,"그외 기타 전문, 과학 및 기술 서비스업",2013-10-22,krx-kind
133750,메가엠디,코스닥,일반 교습 학원,2015-12-18,krx-kind
133820,화인베스틸,유가,1차 철강 제조업,2014-07-22,krx-kind
134060,이퓨쳐,코스닥,"서적, 잡지 및 기타 인쇄물 출판업",2011-04-27,krx-kind
134380,미원화학,유가,기타 화학제품 제조업,2011-02-15,krx-kind
134580,탑코미디어,코스닥,"자료처리, 호스팅, 포털 및 기타 인터넷 정보매개 서비스업",2013-11-26,krx-kind
134790,시디즈,유가,가구 제조업,2011-01-25,krx-kind
136150,원일티엔아이,코스닥,일반 목적용 기계 제조업,2025-05-09,krx-kind
136410,아셈스,코스닥,플라스틱제품 제조업,2022-02-07,krx-kind
136480,하림,코스닥,"도축, 육류 가공 및 저장 처리업",2011-05-02,krx-kind
136490,선진,유가,동물용 사료 및 조제식품 제조업,2011-02-16,krx-kind
136540,윈스테크넷,코스닥,"컴퓨터 프로그래밍, 시스템 통합 및 관리업",2011-05-02,krx-kind
136660,큐엠씨,코넥스,특수 목적용 기계 제조업,2014-07-01,krx-kind
137080,나래나노텍,코스닥,특수 목적용 기계 제조업,2022-02-08,krx-kind
137310,에스디바이오센서,유가,의료용 기기 제조업,2021-07-16,krx-kind
137400,피엔티,코스닥,특수 목적용 기계 제조업,2012-07-06,krx-kind
137940,넥스트아이,코스닥,"측정, 시험, 항해, 제어 및 기타 정밀기기 제조업; 광학기기 제외",2011-06-14,krx-kind
137950,제이씨케미칼,코스닥,기타 화학제품 제조업,2011-08-08,krx-kind
138040,메리츠금융지주,유가,기타 금융업,2011-05-13,krx-kind
138070,신진에스엠,코스닥,기타 금속 가공제품 제조업,2011-11-28,krx-kind
138080,오이솔루션,코스닥,통신 및 방송 장비 제조업,2014-02-27,krx-kind
138360,앤로보틱스,코스닥,특수 목적용 기계 제조업,2013-11-08,krx-kind
138610,나이벡,코스닥,의료용품 및 기타 의약 관련제품 제조업,2011-07-13,krx-kind
138930,BNK금융지주,유가,기타 금융업,2011-03-30,krx-kind
139130,iM금융지주,유가,기타 금융업,2011-06-07,krx-kind
139480,이마트,유가,종합 소매업,2011-06-10,krx-kind
139670,키네마스터,코스닥,소프트웨어 개발 및 공급업,2011-12-02,krx-kind
139990,아주스틸,유가,1차 철강 제조업,2021-08-20,krx-kind
140070,서플러스글로벌,코스닥,기계장비 및 관련 물품 도매업,2017-01-25,krx-kind
140410,메지온,코스닥,자연과학 및 공학 연구개발업,2012-01-20,krx-kind
140430,카티스,코스닥,"컴퓨터 프로그래밍, 시스템 통합 및 관리업",2024-05-03,krx-kind
140520,대창스틸,코스닥,1차 철강 제조업,2014-12-05,krx-kind
140610,엔솔바이오사이언스,코넥스,자연과학 및 공학 연구개발업,2018-09-10,krx-kind
140660,위월드,코넥스,통신 및 방송 장비 제조업,2013-12-26,krx-kind
140670,알에스오토메이션,코스닥,전자부품 제조업,2017-08-11,krx-kind
140860,파크시스템스,코스닥,"측정, 시험, 항해, 제어 및 기타 정밀기기 제조업; 광학기기 제외",2015-12-17,krx-kind
141000,비아트론,코스닥,특수 목적용 기계 제조업,2012-05-04,krx-kind
141080,리가켐바이오,코스닥,자연과학 및 공학 연구개발업,2013-05-10,krx-kind
142210,유니트론텍,코스닥,자동차 부품 및 내장품 판매업,2016-02-02,krx-kind
142280,녹십자엠에스,코스닥,의료용품 및 기타 의약 관련제품 제조업,2014-12-17,krx-kind
142760,모아라이프플러스,코스닥,자연과학 및 공학 연구개발업,2016-07-07,krx-kind
143160,아이디스,코스닥,통신 및 방송 장비 제조업,2011-09-26,krx-kind
143210,핸즈코퍼레이션,유가,자동차 신품 부품 제조업,2016-12-02,krx-kind
143240,사람인,코스닥,"자료처리, 호스팅, 포털 및 기타 인터넷 정보매개 서비스업",2012-02-21,krx-kind
143540,영우디에스피,코스닥,특수 목적용 기계 제조업,2014-10-29,krx-kind
144510,지씨셀,코스닥,"그외 기타 전문, 과학 및 기술 서비스업",2016-06-23,krx-kind
144960,뉴파워프라즈마,코스닥,특수 목적용 기계 제조업,2016-11-30,krx-kind
145020,휴젤,코스닥,기초 의약물질 제조업,2015-12-24,krx-kind
145170,노브랜드,코스닥,편조의복 제조업,2024-05-23,krx-kind
145210,다이나믹디자인,유가,특수 목적용 기계 제조업,2015-03-19,krx-kind
145270,케이탑리츠,유가,부동산 임대 및 공급업,2012-01-31,krx-kind
145720,덴티움,유가,의료용 기기 제조업,2017-03-15,krx-kind
145990,삼양사,유가,기타 식품 제조업,2011-12-05,krx-kind
146060,율촌,코스닥,1차 철강 제조업,2023-09-08,krx-kind
146320,비씨엔씨,코스닥,반도체 제조업,2022-03-03,krx-kind
147760,피엠티,코스닥,"측정, 시험, 항해, 제어 및 기타 정밀기기 제조업; 광학기기 제외",2016-12-12,krx-kind
147830,제룡산업,코스닥,"구조용 금속제품, 탱크 및 증기발생기 제조업",2012-02-13,krx-kind
148150,세경하이테크,코스닥,전자부품 제조업,2019-07-30,krx-kind
148250,알엔투테크놀로지,코스닥,전자부품 제조업,2016-06-22,krx-kind
148780,비큐AI,코스닥,소프트웨어 개발 및 공급업,2022-06-20,krx-kind
148930,에이치와이티씨,코스닥,기타 금속 가공제품 제조업,2022-08-09,krx-kind
149010,아이케이세미콘,코넥스,반도체 제조업,2014-11-14,krx-kind
149950,아바텍,코스닥,전자부품 제조업,2012-11-06,krx-kind
149980,하이로닉,코스닥,의료용 기기 제조업,2014-12-17,krx-kind
150900,파수AI,코스닥,소프트웨어 개발 및 공급업,2013-10-18,krx-kind
151860,KG에코솔루션,코스닥,자동차 차체나 트레일러 제조업,2013-07-24,krx-kind
153460,네이블,코스닥,소프트웨어 개발 및 공급업,2012-07-19,krx-kind
153490,우리이앤엘하루틴,코스닥,반도체 제조업,2013-02-05,krx-kind
153710,옵티팜,코스닥,의료용품 및 기타 의약 관련제품 제조업,2018-10-26,krx-kind
153890,져스텍,코스닥,"전동기, 발전기 및 전기 변환 · 공급 · 제어 장치 제조업",2026-06-29,krx-kind
154030,아시아종묘,코스닥,작물 재배업,2018-02-12,krx-kind
154040,다산솔루에타,코스닥,전자부품 제조업,2013-12-27,krx-kind
155650,와이엠씨,코스닥,전자부품 제조업,2012-11-15,krx-kind
155660,DSR,유가,1차 비철금속 제조업,2013-05-15,krx-kind
156100,엘앤케이바이오,코스닥,의료용 기기 제조업,2016-11-30,krx-kind
158430,아톤,코스닥,소프트웨어 개발 및 공급업,2019-10-17,krx-kind
159010,아스플로,코스닥,일반 목적용 기계 제조업,2021-10-07,krx-kind
159580,제로투세븐,코스닥,생활용품 도매업,2013-02-19,krx-kind
159910,에코글로우,코스닥,기타 화학제품 제조업,2012-12-27,krx-kind
160190,하이젠알앤엠,코스닥,"전동기, 발전기 및 전기 변환 · 공급 · 제어 장치 제조업",2024-06-27,krx-kind
160550,NEW,코스닥,"영화, 비디오물, 방송프로그램 제작 및 배급업",2014-12-23,krx-kind
160980,싸이맥스,코스닥,특수 목적용 기계 제조업,2015-06-17,krx-kind
161000,애경케미칼,유가,기초 화학물질 제조업,2012-09-17,krx-kind
161390,한국타이어앤테크놀로지,유가,고무제품 제조업,2012-10-04,krx-kind
161580,필옵틱스,코스닥,특수 목적용 기계 제조업,2017-06-01,krx-kind
161890,한국콜마,유가,기타 화학제품 제조업,2012-10-19,krx-kind
162120,루켄테크놀러지스,코넥스,기타 전기장비 제조업,2017-07-25,krx-kind
162300,신스틸,코스닥,1차 철강 제조업,2022-12-23,krx-kind
163280,에어레인,코스닥,일반 목적용 기계 제조업,2024-11-08,krx-kind
163560,동일고무벨트,유가,고무제품 제조업,2012-10-19,krx-kind
163730,핑거,코스닥,소프트웨어 개발 및 공급업,2021-01-29,krx-kind
166090,하나머티리얼즈,코스닥,반도체 제조업,2017-04-28,krx-kind
166480,코아스템켐온,코스닥,의약품 제조업,2015-06-26,krx-kind
168330,내츄럴엔도텍,코스닥,자연과학 및 공학 연구개발업,2013-10-31,krx-kind
168360,펨트론,코스닥,특수 목적용 기계 제조업,2022-11-24,krx-kind
169330,엠브레인,코스닥,시장조사 및 여론조사업,2020-07-01,krx-kind
169670,코스텍시스템,코넥스,특수 목적용 기계 제조업,2022-01-21,krx-kind
170030,현대공업,코스닥,자동차 신품 부품 제조업,2013-12-04,krx-kind
170790,파이오링크,코스닥,통신 및 방송 장비 제조업,2013-08-01,krx-kind
170900,동아에스티,유가,의약품 제조업,2013-04-08,krx-kind
170920,엘티씨,코스닥,기초 화학물질 제조업,2013-10-08,krx-kind
171010,램테크놀러지,코스닥,기초 화학물질 제조업,2013-11-18,krx-kind
171090,선익시스템,코스닥,특수 목적용 기계 제조업,2017-09-20,krx-kind
171120,라이온켐텍,코스닥,기타 화학제품 제조업,2013-11-19,krx-kind
172670,에이엘티,코스닥,반도체 제조업,2023-07-27,krx-kind
173130,오파스넷,코스닥,"컴퓨터 프로그래밍, 시스템 통합 및 관리업",2018-08-24,krx-kind
173940,에프엔씨엔터,코스닥,창작 및 예술관련 서비스업,2014-12-04,krx-kind
174900,앱클론,코스닥,의료용품 및 기타 의약 관련제품 제조업,2017-09-18,krx-kind
175140,아고스,코스닥,통신 및 방송 장비 제조업,2015-09-23,krx-kind
175250,아이큐어,코스닥,기타 화학제품 제조업,2018-07-12,krx-kind
175330,JB금융지주,유가,기타 금융업,2013-07-18,krx-kind
176590,코나솔,코넥스,기타 금속 가공제품 제조업,2022-06-15,krx-kind
176750,듀켐바이오,코스닥,의약품 제조업,2024-12-20,krx-kind
177350,베셀,코스닥,플라스틱제품 제조업,2015-06-19,krx-kind
177830,파버나인,코스닥,전자부품 제조업,2014-08-04,krx-kind
177900,쓰리에이로직스,코스닥,반도체 제조업,2024-12-24,krx-kind
178320,서진시스템,코스닥,기타 전기장비 제조업,2017-03-27,krx-kind
178600,대동고려삼,코넥스,기타 식품 제조업,2013-12-20,krx-kind
178780,일월지엠엘,코스닥,상품 종합 도매업,2015-06-30,krx-kind
178920,PI첨단소재,유가,플라스틱제품 제조업,2021-08-09,krx-kind
179290,엠아이텍,코스닥,의료용 기기 제조업,2018-11-29,krx-kind
179530,애드바이오텍,코스닥,의약품 제조업,2022-01-24,krx-kind
179720,머니무브,코넥스,기타 금융업,2013-07-01,krx-kind
179900,유티아이,코스닥,전자부품 제조업,2017-09-27,krx-kind
180060,탑선,코넥스,기타 전기장비 제조업,2017-10-27,krx-kind
180400,DXVX,코스닥,기타 과학기술 서비스업,2015-11-20,krx-kind
180640,한진칼,유가,기타 금융업,2013-09-16,krx-kind
181710,NHN,유가,소프트웨어 개발 및 공급업,2013-08-29,krx-kind
182360,큐브엔터,코스닥,오디오물 출판 및 원판 녹음업,2013-11-21,krx-kind
182400,엔케이젠바이오텍코리아,코스닥,기초 의약물질 제조업,2015-10-23,krx-kind
183190,아세아시멘트,유가,"시멘트, 석회, 플라스터 및 그 제품 제조업",2013-11-06,krx-kind
183300,코미코,코스닥,특수 목적용 기계 제조업,2017-03-23,krx-kind
183490,엔지켐생명과학,코스닥,기초 의약물질 제조업,2018-02-21,krx-kind
184230,SGA솔루션즈,코스닥,소프트웨어 개발 및 공급업,2013-12-20,krx-kind
185190,수프로,코넥스,산업용 농·축산물 및 동·식물 도매업,2013-10-29,krx-kind
185490,아이진,코스닥,자연과학 및 공학 연구개발업,2015-11-16,krx-kind
185750,종근당,유가,의약품 제조업,2013-12-06,krx-kind
186230,그린플러스,코스닥,1차 비철금속 제조업,2019-08-07,krx-kind
187220,디티앤씨,코스닥,기타 과학기술 서비스업,2014-12-17,krx-kind
187270,신화콘텍,코스닥,"전동기, 발전기 및 전기 변환 · 공급 · 제어 장치 제조업",2014-08-08,krx-kind
187420,HLB제넥스,코스닥,기초 의약물질 제조업,2015-05-29,krx-kind
187660,페니트리움바이오,코스닥,자연과학 및 공학 연구개발업,2021-06-03,krx-kind
187790,나노,코스닥,기초 화학물질 제조업,2014-05-08,krx-kind
187870,디바이스,코스닥,특수 목적용 기계 제조업,2017-12-20,krx-kind
188040,바이오포트,코스닥,기타 식품 제조업,2025-05-16,krx-kind
188260,세니젠,코스닥,그외 기타 제품 제조업,2023-11-03,krx-kind
189300,인텔리안테크,코스닥,통신 및 방송 장비 제조업,2016-10-18,krx-kind
189330,씨이랩,코스닥,소프트웨어 개발 및 공급업,2021-02-24,krx-kind
189350,코셋,코넥스,통신 및 방송 장비 제조업,2013-12-24,krx-kind
189690,포시에스,코스닥,소프트웨어 개발 및 공급업,2015-02-11,krx-kind
189860,서전기전,코스닥,"전동기, 발전기 및 전기 변환 · 공급 · 제어 장치 제조업",2014-12-24,krx-kind
189980,흥국에프엔비,코스닥,비알코올음료 및 얼음 제조업,2015-08-07,krx-kind
190510,나무가,코스닥,전자부품 제조업,2015-11-12,krx-kind
190650,코리아에셋투자증권,코스닥,금융 지원 서비스업,2019-11-20,krx-kind
191410,육일씨엔에쓰,코스닥,전자부품 제조업,2015-12-24,krx-kind
191420,테고사이언스,코스닥,기초 의약물질 제조업,2014-11-06,krx-kind
191600,블루탑,코넥스,전자부품 제조업,2016-08-05,krx-kind
192080,더블유게임즈,유가,소프트웨어 개발 및 공급업,2019-03-12,krx-kind
192250,케이사인,코스닥,소프트웨어 개발 및 공급업,2014-04-28,krx-kind
192390,윈하이텍,코스닥,"구조용 금속제품, 탱크 및 증기발생기 제조업",2014-07-25,krx-kind
192400,쿠쿠홀딩스,유가,기타 금융업,2014-08-06,krx-kind
192410,오늘이엔엠,코스닥,통신 및 방송 장비 제조업,2014-08-14,krx-kind
192440,슈피겐코리아,코스닥,그외 기타 제품 제조업,2014-11-05,krx-kind
192650,드림텍,유가,전자부품 제조업,2019-03-14,krx-kind
192820,코스맥스,유가,기타 화학제품 제조업,2014-04-07,krx-kind
193250,링크드,코스닥,전자부품 제조업,2014-12-29,krx-kind
194370,제이에스코퍼레이션,유가,"가죽, 가방 및 유사제품 제조업",2016-02-04,krx-kind
194480,데브시스터즈,코스닥,소프트웨어 개발 및 공급업,2014-10-06,krx-kind
194700,노바렉스,코스닥,기타 식품 제조업,2018-11-14,krx-kind
195500,마니커에프앤지,코스닥,"도축, 육류 가공 및 저장 처리업",2019-08-20,krx-kind
195870,해성디에스,유가,전자부품 제조업,2016-06-24,krx-kind
195940,HK이노엔,코스닥,의약품 제조업,2021-08-09,krx-kind
195990,루트K,코스닥,특수 목적용 기계 제조업,2015-04-13,krx-kind
196170,알테오젠,코스닥,자연과학 및 공학 연구개발업,2014-12-12,krx-kind
196300,HLB펩,코스닥,기초 의약물질 제조업,2016-12-07,krx-kind
196450,코아시아씨엠,코스닥,사진장비 및 광학기기 제조업,2014-06-02,krx-kind
196490,디에이테크놀로지,코스닥,특수 목적용 기계 제조업,2014-11-19,krx-kind
196700,웹스,코스닥,합성고무 및 플라스틱 물질 제조업,2015-08-24,krx-kind
197140,디지캡,코스닥,소프트웨어 개발 및 공급업,2018-09-07,krx-kind
198080,캐프,코스닥,전자부품 제조업,2020-03-16,krx-kind
198440,강동씨앤엘,코스닥,"시멘트, 석회, 플라스터 및 그 제품 제조업",2014-08-13,krx-kind
198940,한주라이트메탈,코스닥,1차 비철금속 제조업,2023-01-19,krx-kind
199150,데이터스트림즈,코넥스,소프트웨어 개발 및 공급업,2014-06-25,krx-kind
199290,바이오프로테크,코넥스,의료용 기기 제조업,2016-12-08,krx-kind
199430,케이엔알시스템,코스닥,"측정, 시험, 항해, 제어 및 기타 정밀기기 제조업; 광학기기 제외",2024-03-07,krx-kind
199480,뱅크웨어글로벌,코스닥,소프트웨어 개발 및 공급업,2024-08-12,krx-kind
199550,레이저옵텍,코스닥,의료용 기기 제조업,2024-02-01,krx-kind
199730,바이오인프라,코스닥,자연과학 및 공학 연구개발업,2023-03-02,krx-kind
199800,툴젠,코스닥,자연과학 및 공학 연구개발업,2021-12-10,krx-kind
199820,제일일렉트릭,코스닥,"전동기, 발전기 및 전기 변환 · 공급 · 제어 장치 제조업",2020-11-26,krx-kind
200130,콜마비앤에이치,코스닥,기초 의약물질 제조업,2014-07-23,krx-kind
200230,텔콘RF제약,코스닥,의약품 제조업,2014-11-24,krx-kind
200350,아티스트스튜디오,코스닥,"영화, 비디오물, 방송프로그램 제작 및 배급업",2021-12-30,krx-kind
200470,에이팩트,코스닥,반도체 제조업,2014-12-26,krx-kind
200580,메디쎄이,코넥스,의료용 기기 제조업,2015-10-20,krx-kind
200670,휴메딕스,코스닥,의약품 제조업,2014-12-26,krx-kind
200710,에이디테크놀로지,코스닥,반도체 제조업,2014-12-16,krx-kind
200780,비씨월드제약,코스닥,의약품 제조업,2014-12-15,krx-kind
200880,서연이화,유가,자동차 신품 부품 제조업,2014-08-08,krx-kind
201490,미투온,코스닥,소프트웨어 개발 및 공급업,2016-10-10,krx-kind
202960,판도라티비,코넥스,소프트웨어 개발 및 공급업,2014-08-11,krx-kind
203400,에이비온,코스닥,자연과학 및 공학 연구개발업,2021-09-08,krx-kind
203450,유니온바이오메트릭스,코스닥,통신 및 방송 장비 제조업,2016-12-07,krx-kind
203650,드림시큐리티,코스닥,소프트웨어 개발 및 공급업,2014-10-13,krx-kind
204020,그리티,코스닥,봉제의복 제조업,2018-07-23,krx-kind
204270,제이앤티씨,코스닥,전자부품 제조업,2020-03-04,krx-kind
204320,HL만도,유가,자동차 신품 부품 제조업,2014-10-06,krx-kind
204610,티쓰리,코스닥,소프트웨어 개발 및 공급업,2022-11-17,krx-kind
204620,글로벌텍스프리,코스닥,금융 지원 서비스업,2014-11-19,krx-kind
204840,지엘팜텍,코스닥,생활용품 도매업,2014-11-20,krx-kind
205100,엑셈,코스닥,소프트웨어 개발 및 공급업,2014-11-07,krx-kind
205470,휴마시스,코스닥,의료용품 및 기타 의약 관련제품 제조업,2014-12-01,krx-kind
205500,넥써쓰,코스닥,소프트웨어 개발 및 공급업,2014-11-12,krx-kind
206400,베노티앤알,코스닥,실내건축 및 건축마무리 공사업,2014-12-10,krx-kind
206560,덱스터,코스닥,"영화, 비디오물, 방송프로그램 제작 및 배급업",2015-12-22,krx-kind
206640,바디텍메드,코스닥,의료용품 및 기타 의약 관련제품 제조업,2014-12-29,krx-kind
206650,유바이오로직스,코스닥,의약품 제조업,2017-01-24,krx-kind
206950,볼빅,코넥스,운동 및 경기용구 제조업,2015-12-30,krx-kind
207490,에이펙스인텍,코넥스,전구 및 조명장치 제조업,2018-11-28,krx-kind
207760,미스터블루,코스닥,기타 정보 서비스업,2014-12-12,krx-kind
207940,삼성바이오로직스,유가,기초 의약물질 제조업,2016-11-10,krx-kind
208140,정다운,코스닥,"도축, 육류 가공 및 저장 처리업",2014-12-17,krx-kind
208350,지란지교시큐리티,코스닥,소프트웨어 개발 및 공급업,2014-12-24,krx-kind
208370,셀바스헬스케어,코스닥,의료용 기기 제조업,2014-12-17,krx-kind
208640,썸에이지,코스닥,소프트웨어 개발 및 공급업,2014-12-29,krx-kind
208710,포톤,코스닥,전자부품 제조업,2014-12-24,krx-kind
208850,이비테크,코넥스,기타 전기장비 제조업,2016-06-22,krx-kind
208860,다산디엠씨,코스닥,소프트웨어 개발 및 공급업,2016-07-28,krx-kind
208890,미래엔에듀파트너,코넥스,교육지원 서비스업,2014-12-18,krx-kind
209640,와이제이링크,코스닥,특수 목적용 기계 제조업,2024-10-18,krx-kind
210120,캔버스엔,코스닥,"영화, 비디오물, 방송프로그램 제작 및 배급업",2023-08-17,krx-kind
210540,디와이파워,유가,특수 목적용 기계 제조업,2015-01-15,krx-kind
210980,SK디앤디,유가,부동산 임대 및 공급업,2015-06-23,krx-kind
211050,인카금융서비스,코스닥,보험 및 연금관련 서비스업,2022-02-16,krx-kind
211270,AP위성,코스닥,통신 및 방송 장비 제조업,2016-03-04,krx-kind
212310,오건에코텍,코넥스,의료용 기기 제조업,2016-07-26,krx-kind
212560,네오오토,코스닥,자동차 신품 부품 제조업,2015-11-18,krx-kind
212710,아이에스티이,코스닥,반도체 제조업,2025-02-12,krx-kind
213420,덕산네오룩스,코스닥,전자부품 제조업,2015-02-06,krx-kind
213500,한솔제지,유가,"펄프, 종이 및 판지 제조업",2015-01-26,krx-kind
214150,클래시스,코스닥,의료용 기기 제조업,2015-04-03,krx-kind
214180,헥토이노베이션,코스닥,기타 정보 서비스업,2015-06-30,krx-kind
214260,라파스,코스닥,기타 화학제품 제조업,2019-11-11,krx-kind
214270,FSN,코스닥,소프트웨어 개발 및 공급업,2015-03-25,krx-kind
214320,이노션,유가,광고업,2015-07-17,krx-kind
214330,금호에이치티,유가,자동차 신품 부품 제조업,2015-11-11,krx-kind
214370,케어젠,코스닥,기초 의약물질 제조업,2015-11-17,krx-kind
214390,경보제약,유가,기초 의약물질 제조업,2015-06-29,krx-kind
214420,토니모리,유가,기타 화학제품 제조업,2015-07-10,krx-kind
214430,아이쓰리시스템,코스닥,전자부품 제조업,2015-07-30,krx-kind
214450,파마리서치,코스닥,의료용품 및 기타 의약 관련제품 제조업,2015-07-24,krx-kind
214610,롤링스톤,코스닥,의료용 기기 제조업,2020-10-22,krx-kind
214680,디알텍,코스닥,의료용 기기 제조업,2015-04-20,krx-kind
215000,골프존,코스닥,소프트웨어 개발 및 공급업,2015-04-03,krx-kind
215090,솔디펜스,코스닥,"측정, 시험, 항해, 제어 및 기타 정밀기기 제조업; 광학기기 제외",2015-04-28,krx-kind
215100,로보로보,코스닥,기타 전기장비 제조업,2015-04-22,krx-kind
215200,메가스터디교육,코스닥,일반 교습 학원,2015-05-04,krx-kind
215360,우리산업,코스닥,자동차 신품 부품 제조업,2015-05-06,krx-kind
215380,콜마바이오텍,코스닥,자연과학 및 공학 연구개발업,2015-05-18,krx-kind
215480,토박스코리아,코스닥,"섬유, 의복, 신발 및 가죽제품 소매업",2015-05-13,krx-kind
215570,크로넥스,코넥스,자연과학 및 공학 연구개발업,2015-12-28,krx-kind
215600,신라젠,코스닥,자연과학 및 공학 연구개발업,2016-12-06,krx-kind
215790,이노인스트루먼트,코스닥,통신 및 방송 장비 제조업,2015-05-08,krx-kind
216050,인크로스,코스닥,광고업,2016-10-31,krx-kind
216080,제테마,코스닥,의료용품 및 기타 의약 관련제품 제조업,2019-11-14,krx-kind
216400,인바이츠바이오코아,코넥스,자연과학 및 공학 연구개발업,2015-06-29,krx-kind
217190,제너셈,코스닥,특수 목적용 기계 제조업,2015-09-25,krx-kind
217270,넵튠,코스닥,소프트웨어 개발 및 공급업,2015-06-18,krx-kind
217320,썬테크,코넥스,"전동기, 발전기 및 전기 변환 · 공급 · 제어 장치 제조업",2015-04-29,krx-kind
217330,싸이토젠,코스닥,자연과학 및 공학 연구개발업,2018-11-22,krx-kind
217480,에스디생명공학,코스닥,기타 화학제품 제조업,2017-03-02,krx-kind
217500,러셀,코스닥,특수 목적용 기계 제조업,2015-06-16,krx-kind
217590,티엠씨,유가,절연선 및 케이블 제조업,2025-12-15,krx-kind
217730,강스템바이오텍,코스닥,기초 의약물질 제조업,2015-12-21,krx-kind
217820,원익피앤이,코스닥,특수 목적용 기계 제조업,2015-12-07,krx-kind
217880,틸론,코넥스,소프트웨어 개발 및 공급업,2015-05-28,krx-kind
217910,에스제이켐,코넥스,기초 화학물질 제조업,2018-04-27,krx-kind
217950,파마리서치바이오,코넥스,의약품 제조업,2015-11-05,krx-kind
218150,미래생명자원,코스닥,동물용 사료 및 조제식품 제조업,2015-06-18,krx-kind
218410,RFHIC,코스닥,통신 및 방송 장비 제조업,2015-06-30,krx-kind
219130,타이거일렉,코스닥,전자부품 제조업,2015-09-25,krx-kind
219420,링크제니시스,코스닥,소프트웨어 개발 및 공급업,2018-02-05,krx-kind
219550,디와이디,코스닥,생활용품 도매업,2015-07-22,krx-kind
219750,한국비티비,코스닥,의료용 기기 제조업,2018-09-21,krx-kind
220100,퓨쳐켐,코스닥,의약품 제조업,2016-12-01,krx-kind
220180,폴라리스AI핸디,코스닥,소프트웨어 개발 및 공급업,2016-11-24,krx-kind
220260,켐트로스,코스닥,기타 화학제품 제조업,2015-07-27,krx-kind
221800,지구홀딩스,코스닥,기타 과학기술 서비스업,2023-11-02,krx-kind
221840,하이즈항공,코스닥,"항공기,우주선 및 부품 제조업",2015-11-25,krx-kind
221980,케이디켐,코스닥,기타 화학제품 제조업,2015-11-19,krx-kind
222040,코스맥스엔비티,코스닥,기타 식품 제조업,2015-12-16,krx-kind
222080,SFA넥셀,코스닥,특수 목적용 기계 제조업,2015-09-02,krx-kind
222110,팬젠,코스닥,의약품 제조업,2016-03-11,krx-kind
222420,쎄노텍,코스닥,기타 비금속 광물제품 제조업,2015-08-06,krx-kind
222670,플럼라인생명과학,코넥스,자연과학 및 공학 연구개발업,2015-07-28,krx-kind
222800,심텍,코스닥,전자부품 제조업,2015-08-07,krx-kind
222980,한국맥널티,코스닥,기타 식품 제조업,2015-12-23,krx-kind
223220,로지스몬,코넥스,기타 운송관련 서비스업,2015-07-09,krx-kind
223250,드림씨아이에스,코스닥,자연과학 및 공학 연구개발업,2020-05-22,krx-kind
223310,사토시홀딩스,코스닥,상품 종합 도매업,2015-12-24,krx-kind
224060,더코디,코스닥,전자부품 제조업,2015-12-29,krx-kind
224110,에이텍모빌리티,코스닥,통신 및 방송 장비 제조업,2015-08-25,krx-kind
224760,엔에스컴퍼니,코넥스,토목 건설업,2015-07-31,krx-kind
224810,엄지하우스,코넥스,실내건축 및 건축마무리 공사업,2015-10-21,krx-kind
225190,LK삼양,코스닥,사진장비 및 광학기기 제조업,2017-06-02,krx-kind
225220,제놀루션,코스닥,기초 의약물질 제조업,2020-07-24,krx-kind
225430,케이엠제약,코스닥,기타 화학제품 제조업,2015-10-08,krx-kind
225530,HC보광산업,코스닥,기타 비금속 광물제품 제조업,2015-12-17,krx-kind
225570,넥슨게임즈,코스닥,소프트웨어 개발 및 공급업,2015-09-25,krx-kind
225590,패션플랫폼,코스닥,봉제의복 제조업,2015-10-05,krx-kind
226320,잇츠한불,유가,기타 화학제품 제조업,2015-12-28,krx-kind
226330,신테카바이오,코스닥,소프트웨어 개발 및 공급업,2019-12-17,krx-kind
226340,본느,코스닥,기타 화학제품 제조업,2015-11-05,krx-kind
226400,오스테오닉,코스닥,의료용 기기 제조업,2018-02-22,krx-kind
226590,엠디바이스,코스닥,전자부품 제조업,2025-03-07,krx-kind
226950,올릭스,코스닥,자연과학 및 공학 연구개발업,2018-07-18,krx-kind
227420,도부,코넥스,직물직조 및 직물제품 제조업,2016-12-28,krx-kind
227610,아우딘퓨쳐스,코스닥,기타 화학제품 제조업,2017-07-12,krx-kind
227840,현대코퍼레이션홀딩스,유가,음·식료품 및 담배 도매업,2015-10-23,krx-kind
227950,엔투텍,코스닥,특수 목적용 기계 제조업,2015-11-18,krx-kind
228340,동양파일,코스닥,"시멘트, 석회, 플라스터 및 그 제품 제조업",2016-04-06,krx-kind
228670,레이,코스닥,의료용 기기 제조업,2019-08-08,krx-kind
228760,지노믹트리,코스닥,자연과학 및 공학 연구개발업,2019-03-27,krx-kind
228850,레이언스,코스닥,의료용 기기 제조업,2016-04-11,krx-kind
229000,젠큐릭스,코스닥,의료용품 및 기타 의약 관련제품 제조업,2020-06-25,krx-kind
229500,노브메타파마,코넥스,자연과학 및 공학 연구개발업,2015-10-28,krx-kind
229640,LS에코에너지,유가,기타 금융업,2016-09-22,krx-kind
230240,에치에프알,코스닥,통신 및 방송 장비 제조업,2015-12-16,krx-kind
232140,와이씨,코스닥,특수 목적용 기계 제조업,2015-12-24,krx-kind
232530,이엠티,코넥스,일차전지 및 이차전지 제조업,2015-12-30,krx-kind
232680,라온로보틱스,코스닥,특수 목적용 기계 제조업,2021-06-17,krx-kind
232830,아이티센피엔에스,코스닥,소프트웨어 개발 및 공급업,2023-06-29,krx-kind
233250,메디안디노스틱,코넥스,의료용품 및 기타 의약 관련제품 제조업,2017-06-26,krx-kind
233990,질경이,코넥스,기타 화학제품 제조업,2015-12-29,krx-kind
234030,싸이닉솔루션,코스닥,반도체 제조업,2025-07-07,krx-kind
234070,에이원큐브텍,코넥스,산업용 기계 및 장비 임대업,2015-12-21,krx-kind
234080,JW생명과학,유가,의약품 제조업,2016-10-27,krx-kind
234100,폴라리스세원,코스닥,자동차 신품 부품 제조업,2017-10-20,krx-kind
234300,에스트래픽,코스닥,"컴퓨터 프로그래밍, 시스템 통합 및 관리업",2017-12-05,krx-kind
234340,헥토파이낸셜,코스닥,금융 지원 서비스업,2019-07-12,krx-kind
234690,녹십자웰빙,코스닥,의약품 제조업,2019-10-14,krx-kind
234920,자이글,코스닥,가정용 기기 제조업,2016-09-06,krx-kind
235980,메드팩토,코스닥,자연과학 및 공학 연구개발업,2019-12-19,krx-kind
236030,씨알푸드,코넥스,"곡물가공품, 전분 및 전분제품 제조업",2017-12-14,krx-kind
236200,슈프리마,코스닥,통신 및 방송 장비 제조업,2016-02-05,krx-kind
236340,메디젠휴먼케어,코넥스,자연과학 및 공학 연구개발업,2016-01-26,krx-kind
236810,엔비티,코스닥,광고업,2021-01-21,krx-kind
237690,에스티팜,코스닥,의약품 제조업,2016-06-23,krx-kind
237750,피앤씨테크,코스닥,"전동기, 발전기 및 전기 변환 · 공급 · 제어 장치 제조업",2016-07-04,krx-kind
237820,플레이디,코스닥,광고업,2020-03-12,krx-kind
237880,클리오,코스닥,기타 화학제품 제조업,2016-11-09,krx-kind
238090,앤디포스,코스닥,플라스틱제품 제조업,2016-10-12,krx-kind
238120,얼라인드,코스닥,사진장비 및 광학기기 제조업,2016-11-03,krx-kind
238200,비피도,코스닥,기타 식품 제조업,2018-12-26,krx-kind
238490,힘스,코스닥,특수 목적용 기계 제조업,2017-07-20,krx-kind
238500,솔루믹스,코넥스,"그외 기타 전문, 과학 및 기술 서비스업",2016-04-20,krx-kind
238540,나노솔루션,코넥스,기타 화학제품 제조업,2026-07-28,krx-kind
239340,이스트에이드,코스닥,"자료처리, 호스팅, 포털 및 기타 인터넷 정보매개 서비스업",2016-06-09,krx-kind
239610,에이치엘사이언스,코스닥,기타 식품 제조업,2016-10-28,krx-kind
239890,피엔에이치테크,코스닥,기초 화학물질 제조업,2021-02-16,krx-kind
240550,동방메디컬,코스닥,의료용 기기 제조업,2025-02-13,krx-kind
240600,유진테크놀로지,코스닥,기타 금속 가공제품 제조업,2023-11-02,krx-kind
240810,원익IPS,코스닥,특수 목적용 기계 제조업,2016-05-02,krx-kind
241520,DSC인베스트먼트,코스닥,신탁업 및 집합투자업,2016-12-19,krx-kind
241560,두산밥캣,유가,특수 목적용 기계 제조업,2016-11-18,krx-kind
241590,화승엔터프라이즈,유가,신발 및 신발 부분품 제조업,2016-10-04,krx-kind
241690,유니테크노,코스닥,자동차 신품 부품 제조업,2016-09-20,krx-kind
241710,코스메카코리아,코스닥,기타 화학제품 제조업,2016-10-28,krx-kind
241770,메카로,코스닥,반도체 제조업,2017-12-06,krx-kind
241790,티이엠씨씨엔에스,코스닥,특수 목적용 기계 제조업,2016-12-01,krx-kind
241820,피씨엘,코스닥,의료용품 및 기타 의약 관련제품 제조업,2017-02-23,krx-kind
241840,에이스토리,코스닥,"영화, 비디오물, 방송프로그램 제작 및 배급업",2019-07-19,krx-kind
242040,나무AX,코스닥,소프트웨어 개발 및 공급업,2016-09-07,krx-kind
243070,휴온스,코스닥,의약품 제조업,2016-06-03,krx-kind
243840,신흥에스이씨,코스닥,일차전지 및 이차전지 제조업,2017-09-27,krx-kind
243870,아이티센코어,코넥스,"컴퓨터 프로그래밍, 시스템 통합 및 관리업",2016-10-31,krx-kind
244460,올리패스,코스닥,기초 의약물질 제조업,2019-09-20,krx-kind
244880,나눔테크,코넥스,의료용 기기 제조업,2016-06-01,krx-kind
244920,에이플러스에셋,유가,보험 및 연금관련 서비스업,2020-11-20,krx-kind
245450,씨앤에스링크,코넥스,통신 및 방송 장비 제조업,2016-06-24,krx-kind
245620,EDGC,코스닥,자연과학 및 공학 연구개발업,2018-06-26,krx-kind
246250,에스엘에스바이오,코스닥,"그외 기타 전문, 과학 및 기술 서비스업",2023-10-20,krx-kind
246690,TS인베스트먼트,코스닥,신탁업 및 집합투자업,2016-12-15,krx-kind
246710,티앤알바이오팹,코스닥,기초 의약물질 제조업,2018-11-28,krx-kind
246720,아스타,코스닥,의료용품 및 기타 의약 관련제품 제조업,2017-03-20,krx-kind
246960,SCL사이언스,코스닥,의료용품 및 기타 의약 관련제품 제조업,2019-02-01,krx-kind
247540,에코프로비엠,코스닥,일차전지 및 이차전지 제조업,2019-03-05,krx-kind
247660,나노씨엠에스,코스닥,전자부품 제조업,2021-03-09,krx-kind
248070,솔루엠,유가,전자부품 제조업,2021-02-02,krx-kind
248170,샘표식품,유가,기타 식품 제조업,2016-08-09,krx-kind
249420,일동제약,유가,의약품 제조업,2016-08-31,krx-kind
250000,보라티알,코스닥,음·식료품 및 담배 도매업,2017-06-08,krx-kind
250030,진코스텍,코넥스,기타 화학제품 제조업,2019-11-29,krx-kind
250060,모비스,코스닥,"컴퓨터 프로그래밍, 시스템 통합 및 관리업",2016-09-08,krx-kind
250930,예선테크,코스닥,플라스틱제품 제조업,2016-09-29,krx-kind
251120,바이오에프디엔씨,코스닥,기초 의약물질 제조업,2022-02-21,krx-kind
251270,넷마블,유가,소프트웨어 개발 및 공급업,2017-05-12,krx-kind
251280,안지오랩,코넥스,자연과학 및 공학 연구개발업,2016-10-25,krx-kind
251370,와이엠티,코스닥,기초 화학물질 제조업,2017-04-27,krx-kind
251630,브이원텍,코스닥,특수 목적용 기계 제조업,2017-07-13,krx-kind
251970,펌텍코리아,코스닥,플라스틱제품 제조업,2019-07-04,krx-kind
252500,세화피앤씨,코스닥,기타 화학제품 제조업,2016-11-02,krx-kind
252990,샘씨엔에스,코스닥,전자부품 제조업,2021-05-20,krx-kind
253450,스튜디오드래곤,코스닥,"영화, 비디오물, 방송프로그램 제작 및 배급업",2017-11-24,krx-kind
253590,네오셈,코스닥,특수 목적용 기계 제조업,2018-04-04,krx-kind
253610,루트락,코넥스,기타 전문 도매업,2020-12-24,krx-kind
253840,수젠텍,코스닥,의료용품 및 기타 의약 관련제품 제조업,2019-05-28,krx-kind
254120,자비스,코스닥,특수 목적용 기계 제조업,2016-12-02,krx-kind
254160,제이엠멀티,코넥스,제재 및 목재 가공업,2021-12-13,krx-kind
254490,미래반도체,코스닥,기타 전문 도매업,2023-01-27,krx-kind
255220,SG,코스닥,기타 비금속 광물제품 제조업,2018-01-26,krx-kind
255440,야스,코스닥,특수 목적용 기계 제조업,2017-09-29,krx-kind
256150,한독크린텍,코스닥,일반 목적용 기계 제조업,2019-09-05,krx-kind
256630,포인트엔지니어링,코스닥,기타 금속 가공제품 제조업,2017-05-02,krx-kind
256840,한국비엔씨,코스닥,기초 의약물질 제조업,2016-12-28,krx-kind
256940,킵스파마,코스닥,의약품 제조업,2017-09-06,krx-kind
257370,피엔티엠에스,코스닥,특수 목적용 기계 제조업,2018-09-13,krx-kind
257720,실리콘투,코스닥,상품 종합 도매업,2021-09-29,krx-kind
258050,테크트랜스,코넥스,기타 금속 가공제품 제조업,2018-07-13,krx-kind
258610,케일럼,코스닥,"구조용 금속제품, 탱크 및 증기발생기 제조업",2017-08-22,krx-kind
258790,소프트캠프,코스닥,소프트웨어 개발 및 공급업,2017-04-27,krx-kind
258830,세종메디칼,코스닥,의료용 기기 제조업,2018-05-29,krx-kind
259630,엠플러스,코스닥,특수 목적용 기계 제조업,2017-09-20,krx-kind
259960,크래프톤,유가,소프트웨어 개발 및 공급업,2021-08-10,krx-kind
260660,알리코제약,코스닥,의료용품 및 기타 의약 관련제품 제조업,2018-02-12,krx-kind
260870,SK시그넷,코넥스,"전동기, 발전기 및 전기 변환 · 공급 · 제어 장치 제조업",2017-08-30,krx-kind
260930,씨티케이,코스닥,기타 화학제품 제조업,2017-12-07,krx-kind
260970,에스앤디,코스닥,기타 식품 제조업,2021-09-29,krx-kind
261200,덴티스,코스닥,의료용 기기 제조업,2017-06-26,krx-kind
261520,이지스,코스닥,소프트웨어 개발 및 공급업,2025-12-11,krx-kind
261780,아리바이오LAB,코스닥,자연과학 및 공학 연구개발업,2021-10-22,krx-kind
262260,에이프로,코스닥,기타 전기장비 제조업,2020-07-16,krx-kind
262840,아이퀘스트,코스닥,소프트웨어 개발 및 공급업,2021-02-05,krx-kind
263020,디케이앤디,코스닥,플라스틱제품 제조업,2018-11-20,krx-kind
263050,유틸렉스,코스닥,기초 의약물질 제조업,2018-12-24,krx-kind
263600,덕우전자,코스닥,전자부품 제조업,2017-08-28,krx-kind
263690,디알젬,코스닥,의료용 기기 제조업,2018-11-22,krx-kind
263700,케어랩스,코스닥,광고업,2018-03-28,krx-kind
263720,디앤씨미디어,코스닥,"서적, 잡지 및 기타 인쇄물 출판업",2017-08-01,krx-kind
263750,펄어비스,코스닥,소프트웨어 개발 및 공급업,2017-09-14,krx-kind
263770,유에스티,코스닥,1차 철강 제조업,2017-04-06,krx-kind
263800,데이타솔루션,코스닥,기계장비 및 관련 물품 도매업,2017-08-03,krx-kind
263810,상신전자,코스닥,전자부품 제조업,2017-10-16,krx-kind
263860,지니언스,코스닥,소프트웨어 개발 및 공급업,2017-08-02,krx-kind
263920,휴엠앤씨,코스닥,그외 기타 제품 제조업,2017-09-28,krx-kind
264450,유비쿼스,코스닥,통신 및 방송 장비 제조업,2017-03-31,krx-kind
264660,씨앤지하이테크,코스닥,특수 목적용 기계 제조업,2018-01-25,krx-kind
264850,이랜시스,코스닥,전자부품 제조업,2017-06-01,krx-kind
264900,크라운제과,유가,"떡, 빵 및 과자류 제조업",2017-04-11,krx-kind
265520,AP시스템,코스닥,특수 목적용 기계 제조업,2017-04-07,krx-kind
265560,영화테크,코스닥,자동차 신품 부품 제조업,2017-10-26,krx-kind
265740,엔에프씨,코스닥,기타 화학제품 제조업,2020-12-02,krx-kind
266170,레드우즈,코넥스,"영화, 비디오물, 방송프로그램 제작 및 배급업",2017-06-09,krx-kind
266350,팡스카이,코넥스,소프트웨어 개발 및 공급업,2024-06-28,krx-kind
266470,바이오인프라생명과학,코넥스,자연과학 및 공학 연구개발업,2020-07-22,krx-kind
267080,세븐브로이맥주,코넥스,알코올음료 제조업,2024-01-17,krx-kind
267250,HD현대,유가,기타 금융업,2017-05-10,krx-kind
267260,HD현대일렉트릭,유가,"전동기, 발전기 및 전기 변환 · 공급 · 제어 장치 제조업",2017-05-10,krx-kind
267270,HD건설기계,유가,특수 목적용 기계 제조업,2017-05-10,krx-kind
267290,경동도시가스,유가,연료용 가스 제조 및 배관공급업,2017-05-12,krx-kind
267320,나인테크,코스닥,특수 목적용 기계 제조업,2017-06-22,krx-kind
267790,배럴,코스닥,봉제의복 제조업,2018-02-01,krx-kind
267850,아시아나IDT,유가,"컴퓨터 프로그래밍, 시스템 통합 및 관리업",2018-11-23,krx-kind
267980,매일유업,코스닥,동·식물성 유지 및 낙농제품 제조업,2017-06-05,krx-kind
268280,미원에스씨,유가,기초 화학물질 제조업,2017-05-22,krx-kind
270210,에스알바이오텍,코넥스,기타 화학제품 제조업,2017-06-15,krx-kind
270520,앱튼,코스닥,"건축기술, 엔지니어링 및 관련 기술 서비스업",2017-08-22,krx-kind
270660,에브리봇,코스닥,가정용 기기 제조업,2021-07-28,krx-kind
270870,뉴트리,코스닥,기타 식품 제조업,2018-12-13,krx-kind
271560,오리온,유가,기타 식품 제조업,2017-07-07,krx-kind
271830,팸텍,코스닥,특수 목적용 기계 제조업,2023-05-23,krx-kind
271940,일진하이솔루스,유가,그외 기타 운송장비 제조업,2021-09-01,krx-kind
271980,제일약품,유가,의약품 제조업,2017-07-17,krx-kind
272110,케이엔제이,코스닥,반도체 제조업,2019-10-25,krx-kind
272210,한화시스템,유가,전자부품 제조업,2019-11-13,krx-kind
272290,이녹스첨단소재,코스닥,전자부품 제조업,2017-07-10,krx-kind
272450,진에어,유가,항공 여객 운송업,2017-12-08,krx-kind
272550,삼양패키징,유가,플라스틱제품 제조업,2017-11-29,krx-kind
273060,와이즈버즈,코스닥,광고업,2017-08-07,krx-kind
273640,와이엠텍,코스닥,"전동기, 발전기 및 전기 변환 · 공급 · 제어 장치 제조업",2021-09-10,krx-kind
274090,켄코아에어로스페이스,코스닥,"항공기,우주선 및 부품 제조업",2020-03-03,krx-kind
274400,이노시뮬레이션,코스닥,소프트웨어 개발 및 공급업,2023-07-06,krx-kind
275630,에스에스알,코스닥,소프트웨어 개발 및 공급업,2018-08-06,krx-kind
276040,스코넥,코스닥,소프트웨어 개발 및 공급업,2022-02-04,krx-kind
276240,엘리비젼,코넥스,영상 및 음향기기 제조업,2018-07-05,krx-kind
276730,한울앤제주,코스닥,알코올음료 제조업,2021-05-26,krx-kind
277070,린드먼아시아,코스닥,신탁업 및 집합투자업,2018-03-14,krx-kind
277410,인산가,코스닥,기타 식품 제조업,2017-09-29,krx-kind
277810,레인보우로보틱스,코스닥,특수 목적용 기계 제조업,2021-02-03,krx-kind
277880,티에스아이,코스닥,특수 목적용 기계 제조업,2020-07-22,krx-kind
278280,천보,코스닥,기초 화학물질 제조업,2019-02-11,krx-kind
278470,에이피알,유가,기타 화학제품 제조업,2024-02-27,krx-kind
278650,HLB바이오스텝,코스닥,자연과학 및 공학 연구개발업,2019-11-27,krx-kind
278990,EMB,코넥스,"전동기, 발전기 및 전기 변환 · 공급 · 제어 장치 제조업",2017-10-31,krx-kind
279570,케이뱅크,유가,은행 및 저축기관,2026-03-05,krx-kind
279600,미디어젠,코스닥,소프트웨어 개발 및 공급업,2019-11-05,krx-kind
280360,롯데웰푸드,유가,기타 식품 제조업,2017-10-30,krx-kind
281740,레이크머티리얼즈,코스닥,기타 화학제품 제조업,2017-12-12,krx-kind
281820,케이씨텍,유가,"측정, 시험, 항해, 제어 및 기타 정밀기기 제조업; 광학기기 제외",2017-12-05,krx-kind
282330,BGF리테일,유가,종합 소매업,2017-12-08,krx-kind
282620,기도산업,코스닥,봉제의복 제조업,2026-08-21,krx-kind
282720,금양그린파워,코스닥,전기 및 통신 공사업,2023-03-13,krx-kind
282880,코윈로보틱스,코스닥,특수 목적용 기계 제조업,2019-08-05,krx-kind
284620,카이노스메드,코스닥,자연과학 및 공학 연구개발업,2018-06-08,krx-kind
284740,쿠쿠홈시스,유가,개인 및 가정용품 임대업,2018-01-11,krx-kind
285130,SK케미칼,유가,합성고무 및 플라스틱 물질 제조업,2018-01-05,krx-kind
285490,노바텍,코스닥,그외 기타 제품 제조업,2018-11-02,krx-kind
285800,진영,코스닥,플라스틱제품 제조업,2023-06-01,krx-kind
286750,나노실리칸첨단소재,코스닥,기초 화학물질 제조업,2019-08-19,krx-kind
286940,롯데이노베이트,유가,"컴퓨터 프로그래밍, 시스템 통합 및 관리업",2018-07-27,krx-kind
287840,인투셀,코스닥,자연과학 및 공학 연구개발업,2025-05-23,krx-kind
288180,케이피항공산업,코스닥,"항공기,우주선 및 부품 제조업",2026-05-19,krx-kind
288330,파라택시스코리아,코스닥,"그외 기타 전문, 과학 및 기술 서비스업",2019-12-20,krx-kind
288620,에스프리즘,코스닥,"전동기, 발전기 및 전기 변환 · 공급 · 제어 장치 제조업",2018-10-15,krx-kind
288980,모아데이타,코스닥,소프트웨어 개발 및 공급업,2022-03-10,krx-kind
289010,아이스크림에듀,코스닥,"서적, 잡지 및 기타 인쇄물 출판업",2019-07-11,krx-kind
289080,SV인베스트먼트,코스닥,기타 금융업,2018-07-06,krx-kind
289170,바이오텐,코넥스,기타 식품 제조업,2023-10-13,krx-kind
289220,자이언트스텝,코스닥,"영화, 비디오물, 방송프로그램 제작 및 배급업",2021-03-24,krx-kind
289930,웨이비스,코스닥,반도체 제조업,2024-10-25,krx-kind
290090,트윔,코스닥,소프트웨어 개발 및 공급업,2021-11-17,krx-kind
290120,DH오토리드,코스닥,자동차 신품 부품 제조업,2018-12-07,krx-kind
290270,휴네시온,코스닥,소프트웨어 개발 및 공급업,2018-08-02,krx-kind
290520,신도기연,코스닥,특수 목적용 기계 제조업,2020-07-06,krx-kind
290550,디케이티,코스닥,전자부품 제조업,2018-12-21,krx-kind
290560,파라택시스이더리움,코스닥,소프트웨어 개발 및 공급업,2023-11-03,krx-kind
290650,엘앤씨바이오,코스닥,의약품 제조업,2018-11-01,krx-kind
290660,다이나믹솔루션,코스닥,의료용 기기 제조업,2018-11-28,krx-kind
290670,대보마그네틱,코스닥,기타 전기장비 제조업,2018-11-06,krx-kind
290690,아리바이오홀딩스,코스닥,전구 및 조명장치 제조업,2020-11-06,krx-kind
290720,푸드나무,코스닥,무점포 소매업,2018-10-04,krx-kind
290740,액트로,코스닥,전자부품 제조업,2018-08-28,krx-kind
291230,컴투스엔,코스닥,기타 사업지원 서비스업,2018-09-13,krx-kind
291650,츌립앤사이언스,코스닥,자연과학 및 공학 연구개발업,2020-09-16,krx-kind
291810,핀텔,코스닥,소프트웨어 개발 및 공급업,2022-10-20,krx-kind
293480,하나제약,유가,의약품 제조업,2018-10-02,krx-kind
293490,카카오게임즈,코스닥,소프트웨어 개발 및 공급업,2020-09-10,krx-kind
293580,나우IB,코스닥,기타 금융업,2018-10-04,krx-kind
293780,압타바이오,코스닥,자연과학 및 공학 연구개발업,2019-06-12,krx-kind
293940,신한알파리츠,유가,부동산 임대 및 공급업,2018-08-08,krx-kind
294090,이오플로우,코스닥,의료용 기기 제조업,2020-09-14,krx-kind
294140,레몬,코스닥,화학섬유 제조업,2020-02-28,krx-kind
294570,쿠콘,코스닥,기타 정보 서비스업,2021-04-28,krx-kind
294630,서남,코스닥,기타 전기장비 제조업,2020-02-20,krx-kind
294870,IPARK현대산업개발,유가,건물 건설업,2018-06-12,krx-kind
295310,에이치브이엠,코스닥,1차 비철금속 제조업,2024-06-28,krx-kind
296160,프로젠,코넥스,자연과학 및 공학 연구개발업,2023-11-15,krx-kind
296520,가이아코퍼레이션,코넥스,생활용품 도매업,2023-06-20,krx-kind
296640,이노에이엑스,코스닥,소프트웨어 개발 및 공급업,2022-10-07,krx-kind
297090,씨에스베어링,코스닥,일반 목적용 기계 제조업,2019-11-21,krx-kind
297570,아틀라스링크,코스닥,통신 및 방송 장비 제조업,2018-07-20,krx-kind
297890,HB솔루션,코스닥,특수 목적용 기계 제조업,2020-06-22,krx-kind
298000,효성화학,유가,기초 화학물질 제조업,2018-07-13,krx-kind
298020,효성티앤씨,유가,화학섬유 제조업,2018-07-13,krx-kind
298040,효성중공업,유가,"전동기, 발전기 및 전기 변환 · 공급 · 제어 장치 제조업",2018-07-13,krx-kind
298050,HS효성첨단소재,유가,화학섬유 제조업,2018-07-13,krx-kind
298060,풍전약품,코스닥,의약품 제조업,2020-06-17,krx-kind
298380,에이비엘바이오,코스닥,기초 의약물질 제조업,2018-12-19,krx-kind
298540,더네이쳐홀딩스,코스닥,의복 액세서리 제조업,2020-07-27,krx-kind
298690,에어부산,유가,항공 여객 운송업,2018-12-27,krx-kind
298830,슈어소프트테크,코스닥,소프트웨어 개발 및 공급업,2023-04-28,krx-kind
299030,하나기술,코스닥,특수 목적용 기계 제조업,2020-11-25,krx-kind
299170,더블유에스아이,코스닥,생활용품 도매업,2018-09-21,krx-kind
299480,지앤이헬스케어,코넥스,기타 섬유제품 제조업,2018-06-29,krx-kind
299660,셀리드,코스닥,자연과학 및 공학 연구개발업,2019-02-20,krx-kind
300080,플리토,코스닥,"자료처리, 호스팅, 포털 및 기타 인터넷 정보매개 서비스업",2019-07-17,krx-kind
300120,라온피플,코스닥,소프트웨어 개발 및 공급업,2019-10-18,krx-kind
300720,한일시멘트,유가,"시멘트, 석회, 플라스터 및 그 제품 제조업",2018-08-06,krx-kind
301300,바이브컴퍼니,코스닥,소프트웨어 개발 및 공급업,2020-10-28,krx-kind
302430,이노메트리,코스닥,특수 목적용 기계 제조업,2018-12-12,krx-kind
302440,SK바이오사이언스,유가,기초 의약물질 제조업,2021-03-18,krx-kind
302550,리메드,코스닥,의료용 기기 제조업,2019-12-06,krx-kind
302920,더콘텐츠온,코넥스,"영화, 비디오물, 방송프로그램 제작 및 배급업",2018-08-13,krx-kind
303030,지니틱스,코스닥,반도체 제조업,2018-08-30,krx-kind
303360,프로티아,코스닥,의료용 기기 제조업,2023-06-16,krx-kind
303530,이노뎁,코스닥,소프트웨어 개발 및 공급업,2021-06-18,krx-kind
303810,동국생명과학,코스닥,의약품 제조업,2025-02-17,krx-kind
304100,솔트룩스,코스닥,소프트웨어 개발 및 공급업,2020-07-23,krx-kind
304360,에스바이오메딕스,코스닥,의약품 제조업,2023-05-04,krx-kind
304840,피플바이오,코스닥,의료용품 및 기타 의약 관련제품 제조업,2020-10-19,krx-kind
305090,마이크로디지탈,코스닥,의료용 기기 제조업,2019-06-05,krx-kind
306040,에스제이그룹,코스닥,"가죽, 가방 및 유사제품 제조업",2019-11-18,krx-kind
306200,세아제강,유가,1차 철강 제조업,2018-10-05,krx-kind
306620,지아이에스,코스닥,특수 목적용 기계 제조업,2018-10-31,krx-kind
307180,아이엘,코스닥,전구 및 조명장치 제조업,2018-12-21,krx-kind
307280,원바이오젠,코스닥,의료용품 및 기타 의약 관련제품 제조업,2018-12-05,krx-kind
307750,국전,코스닥,의약품 제조업,2018-12-19,krx-kind
307870,비투엔,코스닥,소프트웨어 개발 및 공급업,2018-12-12,krx-kind
307930,컴퍼니케이,코스닥,기타 금융업,2019-05-23,krx-kind
307950,현대오토에버,유가,소프트웨어 개발 및 공급업,2019-03-28,krx-kind
308080,바이젠셀,코스닥,자연과학 및 공학 연구개발업,2021-08-25,krx-kind
308100,형지글로벌,코스닥,"섬유, 의복, 신발 및 가죽제품 소매업",2019-06-10,krx-kind
308170,씨티알모빌리티,유가,자동차 신품 부품 제조업,2019-11-25,krx-kind
308430,셀비온,코스닥,의약품 제조업,2024-10-16,krx-kind
309710,아이티켐,코스닥,기초 의약물질 제조업,2025-08-07,krx-kind
309930,조이웍스앤코,코스닥,기타 생활용품 소매업,2018-12-20,krx-kind
309960,LB인베스트먼트,코스닥,기타 금융업,2023-03-29,krx-kind
310200,애니플러스,코스닥,"영화, 비디오물, 방송프로그램 제작 및 배급업",2018-12-21,krx-kind
310210,보로노이,코스닥,자연과학 및 공학 연구개발업,2022-06-24,krx-kind
310870,디와이씨,코스닥,자동차 신품 부품 제조업,2018-12-20,krx-kind
311060,엘에이티,코넥스,특수 목적용 기계 제조업,2018-12-28,krx-kind
311320,지오엘리먼트,코스닥,전자부품 제조업,2021-11-11,krx-kind
311390,네오크레마,코스닥,기타 식품 제조업,2019-08-22,krx-kind
311690,CJ 바이오사이언스,코스닥,자연과학 및 공학 연구개발업,2019-12-26,krx-kind
311960,인터로이드,코넥스,소프트웨어 개발 및 공급업,2022-11-29,krx-kind
312610,에이에프더블류,코스닥,1차 비철금속 제조업,2019-07-01,krx-kind
313760,캐리,코스닥,"전동기, 발전기 및 전기 변환 · 공급 · 제어 장치 제조업",2019-07-25,krx-kind
314130,지놈앤컴퍼니,코스닥,기초 의약물질 제조업,2020-12-23,krx-kind
314140,알피바이오,코스닥,의약품 제조업,2022-09-29,krx-kind
314930,바이오다인,코스닥,의료용 기기 제조업,2021-03-17,krx-kind
315640,딥노이드,코스닥,소프트웨어 개발 및 공급업,2021-08-17,krx-kind
316140,우리금융지주,유가,기타 금융업,2019-02-13,krx-kind
317120,라닉스,코스닥,반도체 제조업,2019-09-18,krx-kind
317240,TS트릴리온,코스닥,기타 화학제품 제조업,2019-04-29,krx-kind
317330,덕산테코피아,코스닥,기타 화학제품 제조업,2019-08-02,krx-kind
317400,자이에스앤디,유가,부동산 임대 및 공급업,2019-11-06,krx-kind
317450,명인제약,유가,의약품 제조업,2025-10-01,krx-kind
317530,에피소드컴퍼니,코스닥,"영화, 비디오물, 방송프로그램 제작 및 배급업",2019-10-29,krx-kind
317690,퀀타매트릭스,코스닥,의료용 기기 제조업,2020-12-09,krx-kind
317770,엑스페릭스,코스닥,전자부품 제조업,2019-08-01,krx-kind
317830,에스피시스템스,코스닥,특수 목적용 기계 제조업,2019-08-14,krx-kind
317850,대모,코스닥,특수 목적용 기계 제조업,2019-07-24,krx-kind
317860,노드메이슨,코넥스,기타 화학제품 제조업,2019-12-06,krx-kind
317870,엔바이오니아,코스닥,그외 기타 제품 제조업,2019-10-24,krx-kind
318000,KBG,코스닥,합성고무 및 플라스틱 물질 제조업,2019-08-01,krx-kind
318010,팜스빌,코스닥,기타 식품 제조업,2019-10-22,krx-kind
318020,포인트모바일,코스닥,컴퓨터 및 주변장치 제조업,2020-12-03,krx-kind
318060,그래피,코스닥,합성고무 및 플라스틱 물질 제조업,2025-08-25,krx-kind
318160,셀바이오휴먼텍,코스닥,기타 섬유제품 제조업,2023-04-20,krx-kind
318410,비비씨,코스닥,기타 화학제품 제조업,2020-09-21,krx-kind
318660,타임기술,코넥스,소프트웨어 개발 및 공급업,2021-06-24,krx-kind
319400,현대무벡스,코스닥,일반 목적용 기계 제조업,2019-05-08,krx-kind
319660,피에스케이,코스닥,특수 목적용 기계 제조업,2019-05-10,krx-kind
320000,한울반도체,코스닥,특수 목적용 기계 제조업,2019-09-18,krx-kind
321260,프로이천,코스닥,반도체 제조업,2019-05-31,krx-kind
321370,센서뷰,코스닥,전자부품 제조업,2023-07-19,krx-kind
321550,티움바이오,코스닥,자연과학 및 공학 연구개발업,2019-11-22,krx-kind
321820,아티스트컴퍼니,코스닥,창작 및 예술관련 서비스업,2021-02-03,krx-kind
322000,HD현대에너지솔루션,유가,반도체 제조업,2019-11-19,krx-kind
322180,LS티라유텍,코스닥,소프트웨어 개발 및 공급업,2019-10-31,krx-kind
322310,오로스테크놀로지,코스닥,특수 목적용 기계 제조업,2021-02-24,krx-kind
322510,제이엘케이,코스닥,소프트웨어 개발 및 공급업,2019-12-11,krx-kind
322780,코퍼스코리아,코스닥,"영화, 비디오물, 방송프로그램 제작 및 배급업",2019-05-31,krx-kind
322970,무진메디,코넥스,자연과학 및 공학 연구개발업,2020-06-24,krx-kind
323280,태성,코스닥,특수 목적용 기계 제조업,2019-06-24,krx-kind
323350,다원넥스뷰,코스닥,특수 목적용 기계 제조업,2024-06-11,krx-kind
323410,카카오뱅크,유가,은행 및 저축기관,2021-08-06,krx-kind
323990,박셀바이오,코스닥,자연과학 및 공학 연구개발업,2020-09-22,krx-kind
326030,에스케이바이오팜,유가,자연과학 및 공학 연구개발업,2020-07-02,krx-kind
327260,RF머트리얼즈,코스닥,전자부품 제조업,2019-12-24,krx-kind
328130,루닛,코스닥,소프트웨어 개발 및 공급업,2022-07-21,krx-kind
328380,솔트웨어,코스닥,"컴퓨터 프로그래밍, 시스템 통합 및 관리업",2019-08-20,krx-kind
329180,HD현대중공업,유가,선박 및 보트 건조업,2021-09-17,krx-kind
330350,위더스제약,코스닥,의약품 제조업,2020-07-03,krx-kind
330590,롯데리츠,유가,부동산 임대 및 공급업,2019-10-30,krx-kind
330730,스톤브릿지벤처스,코스닥,기타 금융업,2022-02-25,krx-kind
330860,네패스아크,코스닥,"그외 기타 전문, 과학 및 기술 서비스업",2020-11-17,krx-kind
331380,포커스에이아이,코스닥,영상 및 음향기기 제조업,2019-10-02,krx-kind
331520,밸로프,코스닥,소프트웨어 개발 및 공급업,2019-10-29,krx-kind
331660,한국미라클피플사,코넥스,기타 화학제품 제조업,2019-10-28,krx-kind
331740,아우토크립트,코스닥,소프트웨어 개발 및 공급업,2025-07-15,krx-kind
331920,셀레믹스,코스닥,기초 의약물질 제조업,2020-08-21,krx-kind
332190,오션스바이오,코넥스,의료용 기기 제조업,2025-01-14,krx-kind
332290,누보,코스닥,"비료, 농약 및 살균, 살충제 제조업",2019-10-11,krx-kind
332370,아이디피,코스닥,컴퓨터 및 주변장치 제조업,2020-08-24,krx-kind
332570,PS일렉트로닉스,코스닥,전자부품 제조업,2020-07-31,krx-kind
333050,이노테나,코스닥,소프트웨어 개발 및 공급업,2019-10-31,krx-kind
333430,일승,코스닥,선박 및 보트 건조업,2019-11-06,krx-kind
333620,엔시스,코스닥,기타 전기장비 제조업,2021-04-01,krx-kind
334890,이지스밸류플러스리츠,유가,부동산 임대 및 공급업,2020-07-16,krx-kind
334970,프레스티지바이오로직스,코스닥,의약품 제조업,2021-03-11,krx-kind
335810,프리시젼바이오,코스닥,의료용 기기 제조업,2020-12-22,krx-kind
335870,윙스풋,코스닥,"섬유, 의복, 신발 및 가죽제품 소매업",2019-12-09,krx-kind
336040,타스컴,코넥스,의료용 기기 제조업,2019-12-02,krx-kind
336060,웨이버스,코스닥,소프트웨어 개발 및 공급업,2019-11-28,krx-kind
336260,두산퓨얼셀,유가,"전동기, 발전기 및 전기 변환 · 공급 · 제어 장치 제조업",2019-10-18,krx-kind
336370,솔루스첨단소재,유가,전자부품 제조업,2019-10-18,krx-kind
336570,원텍,코스닥,의료용 기기 제조업,2019-12-19,krx-kind
336680,탑런토탈솔루션,코스닥,전자부품 제조업,2024-11-01,krx-kind
337840,유엑스엔,코넥스,의료용 기기 제조업,2019-11-28,krx-kind
337930,젝시믹스,코스닥,기타 정보 서비스업,2020-08-13,krx-kind
338100,NH프라임리츠,유가,부동산 임대 및 공급업,2019-12-05,krx-kind
338220,뷰노,코스닥,소프트웨어 개발 및 공급업,2021-02-26,krx-kind
338840,와이바이오로직스,코스닥,자연과학 및 공학 연구개발업,2023-12-05,krx-kind
339770,교촌에프앤비,유가,음·식료품 및 담배 도매업,2020-11-12,krx-kind
339950,아이비김영,코스닥,일반 교습 학원,2019-12-24,krx-kind
340360,다보링크,코스닥,통신 및 방송 장비 제조업,2019-12-19,krx-kind
340440,세림B&G,코스닥,플라스틱제품 제조업,2019-12-27,krx-kind
340450,지씨지놈,코스닥,"그외 기타 전문, 과학 및 기술 서비스업",2025-06-11,krx-kind
340570,티앤엘,코스닥,의료용품 및 기타 의약 관련제품 제조업,2020-11-20,krx-kind
340810,시선AI,코스닥,소프트웨어 개발 및 공급업,2023-05-19,krx-kind
340930,성원에너텍,코스닥,특수 목적용 기계 제조업,2021-02-25,krx-kind
341170,퓨쳐메디신,코넥스,자연과학 및 공학 연구개발업,2022-07-27,krx-kind
342870,오아,코스닥,가전제품 및 정보통신장비 소매업,2025-09-09,krx-kind
344820,케이씨씨글라스,유가,유리 및 유리제품 제조업,2020-01-21,krx-kind
344860,이노진,코스닥,기타 화학제품 제조업,2023-02-20,krx-kind
346010,타이드,코넥스,전자부품 제조업,2022-12-28,krx-kind
347000,센코,코스닥,"측정, 시험, 항해, 제어 및 기타 정밀기기 제조업; 광학기기 제외",2020-10-29,krx-kind
347700,스피어,코스닥,소프트웨어 개발 및 공급업,2021-03-23,krx-kind
347740,피엔케이피부임상연구센타,코스닥,"그외 기타 전문, 과학 및 기술 서비스업",2020-09-09,krx-kind
347770,핌스,코스닥,전자부품 제조업,2020-09-18,krx-kind
347850,디앤디파마텍,코스닥,자연과학 및 공학 연구개발업,2024-05-02,krx-kind
347860,알체라,코스닥,소프트웨어 개발 및 공급업,2020-12-21,krx-kind
347890,엠엑스온,코스닥,"측정, 시험, 항해, 제어 및 기타 정밀기기 제조업; 광학기기 제외",2020-07-29,krx-kind
348030,모비릭스,코스닥,소프트웨어 개발 및 공급업,2021-01-28,krx-kind
348080,큐라티스,코스닥,자연과학 및 공학 연구개발업,2023-06-15,krx-kind
348150,고바이오랩,코스닥,자연과학 및 공학 연구개발업,2020-11-18,krx-kind
348210,넥스틴,코스닥,특수 목적용 기계 제조업,2020-10-08,krx-kind
348340,뉴로메카,코스닥,특수 목적용 기계 제조업,2022-11-04,krx-kind
348350,위드텍,코스닥,"측정, 시험, 항해, 제어 및 기타 정밀기기 제조업; 광학기기 제외",2020-10-30,krx-kind
348370,엔켐,코스닥,기초 화학물질 제조업,2021-11-01,krx-kind
348950,제이알글로벌리츠,유가,부동산 임대 및 공급업,2020-08-07,krx-kind
350520,이지스레지던스리츠,유가,부동산 임대 및 공급업,2020-08-05,krx-kind
351020,미쥬,코넥스,봉제의복 제조업,2023-10-26,krx-kind
351320,넥사다이내믹스,코스닥,특수 목적용 기계 제조업,2020-06-22,krx-kind
351330,이삭엔지니어링,코스닥,"컴퓨터 프로그래밍, 시스템 통합 및 관리업",2021-04-21,krx-kind
351870,차이커뮤니케이션,코스닥,광고업,2024-09-27,krx-kind
352090,스톰테크,코스닥,플라스틱제품 제조업,2023-11-20,krx-kind
352480,씨앤씨인터내셔널,코스닥,기타 화학제품 제조업,2021-05-17,krx-kind
352700,씨앤투스,코스닥,화학섬유 제조업,2021-01-28,krx-kind
352770,셀레스트라,코스닥,의료용품 및 기타 의약 관련제품 제조업,2020-12-04,krx-kind
352820,하이브,유가,오디오물 출판 및 원판 녹음업,2020-10-15,krx-kind
352910,오비고,코스닥,"컴퓨터 프로그래밍, 시스템 통합 및 관리업",2021-07-13,krx-kind
352940,인바이오,코스닥,"비료, 농약 및 살균, 살충제 제조업",2020-12-11,krx-kind
353190,휴럼,코스닥,기타 식품 제조업,2020-06-17,krx-kind
353200,대덕전자,유가,전자부품 제조업,2020-05-21,krx-kind
353590,오토앤,코스닥,자동차 부품 및 내장품 판매업,2022-01-20,krx-kind
353810,이지바이오,코스닥,동물용 사료 및 조제식품 제조업,2020-06-05,krx-kind
354200,엔젠바이오,코스닥,"그외 기타 전문, 과학 및 기술 서비스업",2020-12-10,krx-kind
354320,알멕,코스닥,1차 비철금속 제조업,2023-06-30,krx-kind
354390,바스칸바이오제약,코넥스,의약품 제조업,2022-07-20,krx-kind
355150,코스텍시스,코스닥,반도체 제조업,2020-09-18,krx-kind
355390,크라우드웍스,코스닥,소프트웨어 개발 및 공급업,2023-08-31,krx-kind
355690,에이텀,코스닥,전자부품 제조업,2023-12-01,krx-kind
356680,엑스게이트,코스닥,소프트웨어 개발 및 공급업,2023-03-16,krx-kind
356860,티엘비,코스닥,전자부품 제조업,2020-12-14,krx-kind
356890,싸이버원,코스닥,소프트웨어 개발 및 공급업,2021-03-11,krx-kind
357120,코람코라이프인프라리츠,유가,부동산 임대 및 공급업,2020-08-31,krx-kind
357230,에이치피오,코스닥,기타 식품 제조업,2021-05-14,krx-kind
357250,미래에셋맵스리츠,유가,부동산 임대 및 공급업,2020-08-05,krx-kind
357430,마스턴프리미어리츠,유가,부동산 임대 및 공급업,2022-05-31,krx-kind
357550,석경에이티,코스닥,기초 화학물질 제조업,2020-12-23,krx-kind
357580,아모센스,코스닥,전자부품 제조업,2021-06-25,krx-kind
357780,솔브레인,코스닥,기타 화학제품 제조업,2020-08-06,krx-kind
357880,SKAI,코스닥,소프트웨어 개발 및 공급업,2021-11-10,krx-kind
358570,지아이이노베이션,코스닥,자연과학 및 공학 연구개발업,2023-03-30,krx-kind
359090,씨엔알리서치,코스닥,"그외 기타 전문, 과학 및 기술 서비스업",2020-09-23,krx-kind
360070,탑머티리얼,코스닥,일차전지 및 이차전지 제조업,2022-10-18,krx-kind
360350,코셈,코스닥,"측정, 시험, 항해, 제어 및 기타 정밀기기 제조업; 광학기기 제외",2024-02-23,krx-kind
361390,제노코,코스닥,통신 및 방송 장비 제조업,2021-03-24,krx-kind
361570,알비더블유,코스닥,오디오물 출판 및 원판 녹음업,2021-11-22,krx-kind
361610,SK아이이테크놀로지,유가,일차전지 및 이차전지 제조업,2021-05-11,krx-kind
361670,삼영에스앤씨,코스닥,전자부품 제조업,2021-05-21,krx-kind
362320,청담글로벌,코스닥,생활용품 도매업,2022-06-03,krx-kind
362990,드림인사이트,코스닥,광고업,2024-01-25,krx-kind
363250,진시스템,코스닥,의료용 기기 제조업,2021-05-26,krx-kind
363260,모비데이즈,코스닥,광고업,2021-02-10,krx-kind
363280,티와이홀딩스,유가,기타 금융업,2020-09-22,krx-kind
364950,에이아이코리아,코스닥,특수 목적용 기계 제조업,2025-04-29,krx-kind
365270,큐라클,코스닥,자연과학 및 공학 연구개발업,2021-07-22,krx-kind
365330,에스와이스틸텍,코스닥,"구조용 금속제품, 탱크 및 증기발생기 제조업",2023-11-13,krx-kind
365340,성일하이텍,코스닥,기초 화학물질 제조업,2022-07-28,krx-kind
365550,ESR켄달스퀘어리츠,유가,부동산 임대 및 공급업,2020-12-23,krx-kind
365590,하이딥,코스닥,반도체 제조업,2020-12-21,krx-kind
365660,레몬헬스케어,코스닥,소프트웨어 개발 및 공급업,2026-07-06,krx-kind
365900,브이씨,코스닥,운동 및 경기용구 제조업,2022-02-24,krx-kind
366030,나인앤컴퍼니,코스닥,의복 액세서리 제조업,2022-03-23,krx-kind
367000,플래티어,코스닥,소프트웨어 개발 및 공급업,2021-08-12,krx-kind
368600,아이씨에이치,코스닥,전자부품 제조업,2022-07-29,krx-kind
368770,파이버프로,코스닥,"측정, 시험, 항해, 제어 및 기타 정밀기기 제조업; 광학기기 제외",2021-01-21,krx-kind
368970,오에스피,코스닥,동물용 사료 및 조제식품 제조업,2022-10-14,krx-kind
369370,블리츠웨이엔터테인먼트,코스닥,창작 및 예술관련 서비스업,2020-12-23,krx-kind
370090,퓨런티어,코스닥,"측정, 시험, 항해, 제어 및 기타 정밀기기 제조업; 광학기기 제외",2022-02-23,krx-kind
371950,풍원정밀,코스닥,전자부품 제조업,2022-02-28,krx-kind
372170,윤성에프앤씨,코스닥,특수 목적용 기계 제조업,2022-11-14,krx-kind
372320,큐로셀,코스닥,자연과학 및 공학 연구개발업,2023-11-09,krx-kind
372800,아이티아이즈,코스닥,소프트웨어 개발 및 공급업,2021-11-11,krx-kind
372910,한컴라이프케어,유가,의료용 기기 제조업,2021-08-17,krx-kind
373110,엑셀세라퓨틱스,코스닥,기초 의약물질 제조업,2024-07-15,krx-kind
373160,데이원컴퍼니,코스닥,기타 교육기관,2025-01-24,krx-kind
373170,엠아이큐브솔루션,코스닥,소프트웨어 개발 및 공급업,2023-08-04,krx-kind
373200,엑스플러스,코스닥,그외 기타 제품 제조업,2021-02-26,krx-kind
373220,LG에너지솔루션,유가,일차전지 및 이차전지 제조업,2022-01-27,krx-kind
375500,DL이앤씨,유가,토목 건설업,2021-01-25,krx-kind
376180,피코그램,코스닥,그외 기타 제품 제조업,2021-11-03,krx-kind
376270,HEM파마,코스닥,자연과학 및 공학 연구개발업,2024-11-05,krx-kind
376290,씨유테크,코스닥,전자부품 제조업,2021-10-08,krx-kind
376300,디어유,코스닥,소프트웨어 개발 및 공급업,2021-11-10,krx-kind
376900,로킷헬스케어,코스닥,의료용품 및 기타 의약 관련제품 제조업,2025-05-12,krx-kind
376930,노을,코스닥,의료용 기기 제조업,2022-03-03,krx-kind
376980,원티드랩,코스닥,소프트웨어 개발 및 공급업,2021-08-11,krx-kind
377030,비트맥스,코스닥,소프트웨어 개발 및 공급업,2021-07-27,krx-kind
377190,디앤디플랫폼리츠,유가,부동산 임대 및 공급업,2021-08-27,krx-kind
377220,프롬바이오,코스닥,기타 식품 제조업,2021-09-28,krx-kind
377300,카카오페이,유가,금융 지원 서비스업,2021-11-03,krx-kind
377330,이지트로닉스,코스닥,"전동기, 발전기 및 전기 변환 · 공급 · 제어 장치 제조업",2022-02-04,krx-kind
377450,리파인,코스닥,기타 정보 서비스업,2021-10-29,krx-kind
377460,큐에이드,코스닥,개인 및 가정용품 수리업,2022-06-23,krx-kind
377480,마음AI,코스닥,소프트웨어 개발 및 공급업,2021-11-23,krx-kind
377740,바이오노트,유가,의료용품 및 기타 의약 관련제품 제조업,2022-12-22,krx-kind
378340,필에너지,코스닥,특수 목적용 기계 제조업,2023-07-14,krx-kind
378800,샤페론,코스닥,기초 의약물질 제조업,2022-10-19,krx-kind
378850,화승알앤에이,유가,자동차 신품 부품 제조업,2021-03-15,krx-kind
379390,이성씨엔아이,코넥스,"건축기술, 엔지니어링 및 관련 기술 서비스업",2021-06-04,krx-kind
380540,옵티코어,코스닥,마그네틱 및 광학 매체 제조업,2022-12-29,krx-kind
380550,뉴로핏,코스닥,소프트웨어 개발 및 공급업,2025-07-25,krx-kind
381620,제닉스로보틱스,코스닥,특수 목적용 기계 제조업,2024-09-30,krx-kind
381970,KG모빌리티플랫폼,유가,자동차 판매업,2021-10-13,krx-kind
382150,온코크로스,코스닥,자연과학 및 공학 연구개발업,2024-12-18,krx-kind
382480,지아이텍,코스닥,특수 목적용 기계 제조업,2021-10-21,krx-kind
382800,지앤비에스 에코,코스닥,특수 목적용 기계 제조업,2021-10-29,krx-kind
382840,원준,코스닥,특수 목적용 기계 제조업,2021-10-07,krx-kind
382900,범한퓨얼셀,코스닥,"전동기, 발전기 및 전기 변환 · 공급 · 제어 장치 제조업",2022-06-17,krx-kind
383220,F&F,유가,봉제의복 제조업,2021-05-21,krx-kind
383310,에코프로에이치엔,코스닥,기타 화학제품 제조업,2021-05-28,krx-kind
383800,LX홀딩스,유가,기타 금융업,2021-05-27,krx-kind
383930,디티앤씨알오,코스닥,자연과학 및 공학 연구개발업,2022-11-11,krx-kind
384470,코어라인소프트,코스닥,소프트웨어 개발 및 공급업,2023-09-18,krx-kind
386380,스카이랩스,코스닥,의료용 기기 제조업,2026-09-04,krx-kind
387570,파인메딕스,코스닥,의료용 기기 제조업,2024-12-26,krx-kind
387690,레메디,코스닥,의료용 기기 제조업,2026-07-13,krx-kind
388050,지투파워,코스닥,"전동기, 발전기 및 전기 변환 · 공급 · 제어 장치 제조업",2022-04-01,krx-kind
388210,씨엠티엑스,코스닥,전자부품 제조업,2025-11-20,krx-kind
388610,지에프씨생명과학,코스닥,기타 화학제품 제조업,2025-06-30,krx-kind
388720,유일로보틱스,코스닥,특수 목적용 기계 제조업,2022-03-18,krx-kind
388790,라이콤,코스닥,통신 및 방송 장비 제조업,2021-09-03,krx-kind
388870,파로스아이바이오,코스닥,자연과학 및 공학 연구개발업,2023-07-27,krx-kind
389020,자람테크놀로지,코스닥,반도체 제조업,2023-03-07,krx-kind
389030,지니너스,코스닥,자연과학 및 공학 연구개발업,2021-11-08,krx-kind
389140,포바이포,코스닥,"영화, 비디오물, 방송프로그램 제작 및 배급업",2022-04-28,krx-kind
389260,대명에너지,코스닥,건물 건설업,2022-05-16,krx-kind
389470,인벤티지랩,코스닥,자연과학 및 공학 연구개발업,2022-11-22,krx-kind
389500,에스비비테크,코스닥,일반 목적용 기계 제조업,2022-10-17,krx-kind
389650,넥스트바이오메디컬,코스닥,의료용 기기 제조업,2024-08-20,krx-kind
389680,유디엠텍,코스닥,소프트웨어 개발 및 공급업,2024-11-20,krx-kind
390110,애니메디솔루션,코넥스,의료용 기기 제조업,2022-12-21,krx-kind
391710,코닉오토메이션,코스닥,특수 목적용 기계 제조업,2021-10-15,krx-kind
393210,토마토시스템,코스닥,소프트웨어 개발 및 공급업,2023-04-27,krx-kind
393890,더블유씨피,코스닥,일차전지 및 이차전지 제조업,2022-09-30,krx-kind
393970,대진첨단소재,코스닥,플라스틱제품 제조업,2025-03-06,krx-kind
394280,오픈엣지테크놀로지,코스닥,소프트웨어 개발 및 공급업,2022-09-26,krx-kind
394420,리센스메디컬,코스닥,의료용 기기 제조업,2026-03-31,krx-kind
394800,쓰리빌리언,코스닥,자연과학 및 공학 연구개발업,2024-11-14,krx-kind
395400,SK리츠,유가,부동산 임대 및 공급업,2021-09-14,krx-kind
396270,넥스트칩,코스닥,반도체 제조업,2022-07-01,krx-kind
396300,HT로보틱스,코스닥,기타 금속 가공제품 제조업,2022-03-24,krx-kind
396470,워트,코스닥,특수 목적용 기계 제조업,2023-10-26,krx-kind
396690,미래에셋글로벌리츠,유가,부동산 임대 및 공급업,2021-12-03,krx-kind
397030,에이프릴바이오,코스닥,자연과학 및 공학 연구개발업,2022-07-28,krx-kind
397810,애드포러스,코스닥,광고업,2025-08-22,krx-kind
398120,에스지헬스케어,코스닥,의료용 기기 제조업,2024-12-19,krx-kind
399720,가온칩스,코스닥,반도체 제조업,2022-05-20,krx-kind
400760,NH올원리츠,유가,부동산 임대 및 공급업,2021-11-18,krx-kind
402030,코난테크놀로지,코스닥,소프트웨어 개발 및 공급업,2022-07-07,krx-kind
402340,SK스퀘어,유가,기타 금융업,2021-11-29,krx-kind
402420,켈스,코넥스,의료용 기기 제조업,2021-11-30,krx-kind
402490,그린리소스,코스닥,반도체 제조업,2023-11-24,krx-kind
403360,라피치,코넥스,소프트웨어 개발 및 공급업,2021-12-14,krx-kind
403490,우듬지팜,코스닥,"과실, 채소 가공 및 저장 처리업",2023-09-19,krx-kind
403550,쏘카,유가,운송장비 임대업,2022-08-22,krx-kind
403810,아이엘로보틱스,코넥스,전자부품 제조업,2025-11-18,krx-kind
403850,더핑크퐁컴퍼니,코스닥,"영화, 비디오물, 방송프로그램 제작 및 배급업",2025-11-18,krx-kind
403870,HPSP,코스닥,특수 목적용 기계 제조업,2022-07-15,krx-kind
404990,신한서부티엔디리츠,유가,부동산 임대 및 공급업,2021-12-10,krx-kind
405000,플라즈맵,코스닥,의료용 기기 제조업,2022-10-21,krx-kind
405100,큐알티,코스닥,"그외 기타 전문, 과학 및 기술 서비스업",2022-11-02,krx-kind
405920,나라셀라,코스닥,음·식료품 및 담배 도매업,2023-06-02,krx-kind
406820,뷰티스킨,코스닥,기타 화학제품 제조업,2023-07-24,krx-kind
407400,꿈비,코스닥,가구 제조업,2023-02-09,krx-kind
408470,한패스,코스닥,기타 금융업,2026-03-25,krx-kind
408900,스튜디오미르,코스닥,"영화, 비디오물, 방송프로그램 제작 및 배급업",2023-02-07,krx-kind
408920,메쎄이상,코스닥,기타 사업지원 서비스업,2022-03-07,krx-kind
411080,샌즈랩,코스닥,소프트웨어 개발 및 공급업,2023-02-15,krx-kind
412350,레이저쎌,코스닥,특수 목적용 기계 제조업,2022-06-24,krx-kind
412540,제일엠앤에스,코스닥,특수 목적용 기계 제조업,2024-04-30,krx-kind
413300,티엘엔지니어링,코넥스,"건축기술, 엔지니어링 및 관련 기술 서비스업",2022-09-27,krx-kind
413390,엠오티,코스닥,특수 목적용 기계 제조업,2024-11-18,krx-kind
413630,씨피시스템,코스닥,플라스틱제품 제조업,2022-03-31,krx-kind
413640,비아이매트릭스,코스닥,소프트웨어 개발 및 공급업,2023-11-09,krx-kind
415380,스튜디오삼익,코스닥,기타 생활용품 소매업,2024-02-06,krx-kind
415640,KB발해인프라,유가,신탁업 및 집합투자업,2024-11-29,krx-kind
416180,신성에스티,코스닥,자동차 신품 부품 제조업,2023-10-19,krx-kind
417010,나노팀,코스닥,일반 목적용 기계 제조업,2023-03-03,krx-kind
417030,니어스랩,코스닥,소프트웨어 개발 및 공급업,2026-08-24,krx-kind
417180,핑거스토리,코스닥,기타 정보 서비스업,2022-12-08,krx-kind
417200,LS머트리얼즈,코스닥,전자부품 제조업,2023-12-12,krx-kind
417310,코람코더원리츠,유가,부동산 임대 및 공급업,2022-03-28,krx-kind
417500,제이아이테크,코스닥,기타 화학제품 제조업,2022-11-04,krx-kind
417790,트루엔,코스닥,영상 및 음향기기 제조업,2023-05-17,krx-kind
417840,저스템,코스닥,특수 목적용 기계 제조업,2022-10-28,krx-kind
417860,오브젠,코스닥,소프트웨어 개발 및 공급업,2023-01-30,krx-kind
417970,모델솔루션,코스닥,특수 목적용 기계 제조업,2022-10-07,krx-kind
418250,시큐레터,코스닥,소프트웨어 개발 및 공급업,2023-08-24,krx-kind
418420,라온텍,코스닥,전자부품 제조업,2023-03-09,krx-kind
418470,KT밀리의서재,코스닥,"서적, 잡지 및 기타 인쇄물 출판업",2023-09-27,krx-kind
418550,제이오,코스닥,"건축기술, 엔지니어링 및 관련 기술 서비스업",2023-02-16,krx-kind
418620,E8,코스닥,소프트웨어 개발 및 공급업,2024-02-23,krx-kind
419050,삼기에너지솔루션즈,코스닥,자동차 신품 부품 제조업,2023-02-03,krx-kind
419080,엔젯,코스닥,특수 목적용 기계 제조업,2022-11-18,krx-kind
419120,산돌,코스닥,소프트웨어 개발 및 공급업,2022-10-27,krx-kind
419530,SAMG엔터,코스닥,"영화, 비디오물, 방송프로그램 제작 및 배급업",2022-12-06,krx-kind
419540,비스토스,코스닥,의료용 기기 제조업,2022-10-18,krx-kind
420570,제이투케이바이오,코스닥,기타 화학제품 제조업,2024-03-25,krx-kind
420770,기가비스,코스닥,특수 목적용 기계 제조업,2023-05-24,krx-kind
424760,벨로크,코스닥,"컴퓨터 프로그래밍, 시스템 통합 및 관리업",2022-07-22,krx-kind
424870,이뮨온시아,코스닥,자연과학 및 공학 연구개발업,2025-05-19,krx-kind
424960,스마트레이더시스템,코스닥,"측정, 시험, 항해, 제어 및 기타 정밀기기 제조업; 광학기기 제외",2023-08-22,krx-kind
424980,마이크로투나노,코스닥,반도체 제조업,2023-04-26,krx-kind
425040,티이엠씨,코스닥,기초 화학물질 제조업,2023-01-19,krx-kind
425420,티에프이,코스닥,전자부품 제조업,2022-11-17,krx-kind
429270,시지트로닉스,코스닥,반도체 제조업,2023-08-03,krx-kind
430690,한싹,코스닥,소프트웨어 개발 및 공급업,2023-10-04,krx-kind
431190,케이쓰리아이,코스닥,소프트웨어 개발 및 공급업,2024-08-20,krx-kind
432320,KB스타리츠,유가,부동산 임대 및 공급업,2022-10-06,krx-kind
432430,와이랩,코스닥,"영화, 비디오물, 방송프로그램 제작 및 배급업",2023-07-20,krx-kind
432470,케이엔에스,코스닥,특수 목적용 기계 제조업,2023-12-06,krx-kind
432720,퀄리타스반도체,코스닥,반도체 제조업,2023-10-27,krx-kind
432980,엠에프씨,코스닥,기초 의약물질 제조업,2024-12-26,krx-kind
434190,탈로스,코넥스,일차전지 및 이차전지 제조업,2022-10-24,krx-kind
434480,모니터랩,코스닥,소프트웨어 개발 및 공급업,2023-05-19,krx-kind
435570,에르코스,코스닥,도시락 및 식사용 조리식품 제조업,2025-02-28,krx-kind
437730,삼현,코스닥,자동차 신품 부품 제조업,2024-03-21,krx-kind
438700,버넥트,코스닥,소프트웨어 개발 및 공급업,2023-07-26,krx-kind
439090,마녀공장,코스닥,기타 화학제품 제조업,2023-06-08,krx-kind
439260,대한조선,유가,선박 및 보트 건조업,2025-08-01,krx-kind
439580,블루엠텍,코스닥,기타 전문 도매업,2023-12-13,krx-kind
439960,코스모로보틱스,코스닥,의료용 기기 제조업,2026-05-11,krx-kind
440110,파두,코스닥,반도체 제조업,2023-08-07,krx-kind
440290,HB인베스트먼트,코스닥,기타 금융업,2024-01-25,krx-kind
440320,오픈놀,코스닥,소프트웨어 개발 및 공급업,2023-06-30,krx-kind
441270,파인엠텍,코스닥,전자부품 제조업,2022-10-07,krx-kind
443060,HD현대마린솔루션,유가,"건축기술, 엔지니어링 및 관련 기술 서비스업",2024-05-08,krx-kind
443250,레뷰코퍼레이션,코스닥,광고업,2023-10-06,krx-kind
443670,에스피소프트,코스닥,"컴퓨터 프로그래밍, 시스템 통합 및 관리업",2024-02-15,krx-kind
444530,심플랫폼,코스닥,소프트웨어 개발 및 공급업,2025-03-21,krx-kind
445090,에이직랜드,코스닥,반도체 제조업,2023-11-13,krx-kind
445180,퓨릿,코스닥,기초 화학물질 제조업,2023-10-18,krx-kind
445680,큐리옥스바이오시스템즈,코스닥,의료용 기기 제조업,2023-08-10,krx-kind
446070,유니드비티플러스,유가,제재 및 목재 가공업,2022-11-28,krx-kind
446440,에피바이오텍,코넥스,자연과학 및 공학 연구개발업,2023-07-31,krx-kind
446540,메가터치,코스닥,일차전지 및 이차전지 제조업,2023-11-09,krx-kind
446840,지슨,코스닥,"측정, 시험, 항해, 제어 및 기타 정밀기기 제조업; 광학기기 제외",2023-05-17,krx-kind
447690,아이오바이오,코넥스,의료용 기기 제조업,2022-12-28,krx-kind
448280,에코아이,코스닥,기타 전문 서비스업,2023-11-21,krx-kind
448710,코츠테크놀로지,코스닥,컴퓨터 및 주변장치 제조업,2023-08-10,krx-kind
448730,삼성FN리츠,유가,부동산 임대 및 공급업,2023-04-10,krx-kind
448780,마이크로엔엑스,코넥스,의료용 기기 제조업,2022-12-21,krx-kind
448900,한국피아이엠,코스닥,자동차 신품 부품 제조업,2025-04-04,krx-kind
450080,에코프로머티,유가,일차전지 및 이차전지 제조업,2023-11-17,krx-kind
450330,하스,코스닥,의료용품 및 기타 의약 관련제품 제조업,2024-07-03,krx-kind
450520,인스웨이브,코스닥,소프트웨어 개발 및 공급업,2023-09-25,krx-kind
450950,아스테라시스,코스닥,의료용 기기 제조업,2025-01-24,krx-kind
451220,아이엠티,코스닥,특수 목적용 기계 제조업,2023-10-10,krx-kind
451250,삐아,코스닥,기타 화학제품 제조업,2024-04-25,krx-kind
451760,컨텍,코스닥,"컴퓨터 프로그래밍, 시스템 통합 및 관리업",2023-11-09,krx-kind
451800,한화리츠,유가,부동산 임대 및 공급업,2023-03-27,krx-kind
452160,제이엔비,코스닥,특수 목적용 기계 제조업,2023-11-24,krx-kind
452190,한빛레이저,코스닥,특수 목적용 기계 제조업,2024-01-04,krx-kind
452200,민테크,코스닥,"측정, 시험, 항해, 제어 및 기타 정밀기기 제조업; 광학기기 제외",2024-05-03,krx-kind
452260,한화갤러리아,유가,종합 소매업,2023-03-31,krx-kind
452280,한선엔지니어링,코스닥,기타 금속 가공제품 제조업,2023-11-24,krx-kind
452300,캡스톤파트너스,코스닥,기타 금융업,2023-11-15,krx-kind
452400,이닉스,코스닥,자동차 신품 부품 제조업,2024-02-01,krx-kind
452430,사피엔반도체,코스닥,반도체 제조업,2024-02-19,krx-kind
452450,피아이이,코스닥,특수 목적용 기계 제조업,2025-02-04,krx-kind
453340,현대그린푸드,유가,종합 소매업,2023-04-10,krx-kind
453450,그리드위즈,코스닥,"그외 기타 전문, 과학 및 기술 서비스업",2024-06-14,krx-kind
453860,에이에스텍,코스닥,기타 화학제품 제조업,2023-11-28,krx-kind
454910,두산로보틱스,유가,특수 목적용 기계 제조업,2023-10-05,krx-kind
455180,케이지에이,코스닥,특수 목적용 기계 제조업,2025-06-17,krx-kind
455900,엔젤로보틱스,코스닥,특수 목적용 기계 제조업,2024-03-26,krx-kind
456010,아이씨티케이,코스닥,반도체 제조업,2024-05-17,krx-kind
456040,OCI,유가,기초 화학물질 제조업,2023-05-30,krx-kind
456070,이엔셀,코스닥,기초 의약물질 제조업,2024-08-23,krx-kind
456160,지투지바이오,코스닥,의약품 제조업,2025-08-14,krx-kind
456190,큐라켐,코넥스,의료용품 및 기타 의약 관련제품 제조업,2023-05-18,krx-kind
456570,아이엠지티,코넥스,의료용품 및 기타 의약 관련제품 제조업,2023-07-19,krx-kind
457190,이수스페셜티케미컬,유가,기초 화학물질 제조업,2023-05-31,krx-kind
457370,한켐,코스닥,기초 화학물질 제조업,2024-10-22,krx-kind
457550,우진엔텍,코스닥,"그외 기타 전문, 과학 및 기술 서비스업",2024-01-24,krx-kind
457600,벡트,코스닥,영상 및 음향기기 제조업,2024-12-16,krx-kind
458350,에스팀,코스닥,기타 사업지원 서비스업,2026-03-06,krx-kind
458650,성우,코스닥,일차전지 및 이차전지 제조업,2024-10-31,krx-kind
458870,씨어스,코스닥,의료용 기기 제조업,2024-06-19,krx-kind
459100,위츠,코스닥,전자부품 제조업,2024-11-20,krx-kind
459510,나우로보틱스,코스닥,특수 목적용 기계 제조업,2025-05-08,krx-kind
459550,알트,코스닥,통신 및 방송 장비 제조업,2025-11-17,krx-kind
460470,아이빔테크놀로지,코스닥,사진장비 및 광학기기 제조업,2024-08-06,krx-kind
460850,동국씨엠,유가,1차 철강 제조업,2023-06-16,krx-kind
460860,동국제강,유가,1차 철강 제조업,2023-06-16,krx-kind
460870,에스엠씨지,코스닥,유리 및 유리제품 제조업,2025-03-07,krx-kind
460930,현대힘스,코스닥,선박 및 보트 건조업,2024-01-26,krx-kind
460940,피앤에스로보틱스,코스닥,의료용 기기 제조업,2024-07-31,krx-kind
461030,아이엠비디엑스,코스닥,자연과학 및 공학 연구개발업,2024-04-03,krx-kind
461300,아이스크림미디어,코스닥,소프트웨어 개발 및 공급업,2024-08-30,krx-kind
462310,뉴키즈온,코스닥,봉제의복 제조업,2025-07-09,krx-kind
462350,이노스페이스,코스닥,"항공기,우주선 및 부품 제조업",2024-07-02,krx-kind
462510,라메디텍,코스닥,의료용 기기 제조업,2024-06-17,krx-kind
462520,조선내화,유가,"내화, 비내화 요업제품 제조업",2023-07-28,krx-kind
462860,더즌,코스닥,전기 통신업,2025-03-24,krx-kind
462870,시프트업,유가,소프트웨어 개발 및 공급업,2024-07-11,krx-kind
462980,아이지넷,코스닥,기타 정보 서비스업,2025-02-04,krx-kind
463020,뉴엔AI,코스닥,소프트웨어 개발 및 공급업,2025-07-04,krx-kind
463480,모티브링크,코스닥,전자부품 제조업,2025-02-20,krx-kind
464080,에스오에스랩,코스닥,"측정, 시험, 항해, 제어 및 기타 정밀기기 제조업; 광학기기 제외",2024-06-25,krx-kind
464280,티디에스팜,코스닥,의약품 제조업,2024-08-21,krx-kind
464490,쿼드메디슨,코스닥,기초 의약물질 제조업,2025-12-12,krx-kind
464500,아이언디바이스,코스닥,반도체 제조업,2024-09-23,krx-kind
464580,닷밀,코스닥,"영화, 비디오물, 방송프로그램 제작 및 배급업",2024-11-13,krx-kind
465480,인스피언,코스닥,소프트웨어 개발 및 공급업,2024-10-18,krx-kind
465770,STX그린로지스,유가,해상 운송업,2023-09-15,krx-kind
466100,클로봇,코스닥,소프트웨어 개발 및 공급업,2024-10-28,krx-kind
466410,사이냅소프트,코스닥,소프트웨어 개발 및 공급업,2024-11-19,krx-kind
466690,키움히어로제1호스팩,코스닥,금융 지원 서비스업,2025-12-12,krx-kind
468530,프로티나,코스닥,자연과학 및 공학 연구개발업,2025-07-29,krx-kind
468760,유진스팩10호,코스닥,금융 지원 서비스업,2024-02-29,krx-kind
469480,IBKS제24호스팩,코스닥,금융 지원 서비스업,2024-02-01,krx-kind
469610,이노테크,코스닥,특수 목적용 기계 제조업,2025-11-07,krx-kind
469750,아이비젼웍스,코스닥,특수 목적용 기계 제조업,2024-09-03,krx-kind
469900,하나31호스팩,코스닥,금융 지원 서비스업,2024-03-05,krx-kind
471820,셀로맥스사이언스,코스닥,기타 식품 제조업,2024-12-13,krx-kind
472230,SK증권제11호스팩,코스닥,금융 지원 서비스업,2024-03-04,krx-kind
472850,폰드그룹,코스닥,"섬유, 의복, 신발 및 가죽제품 소매업",2024-02-02,krx-kind
473000,SK증권제12호스팩,코스닥,금융 지원 서비스업,2024-05-07,krx-kind
473050,유안타제15호스팩,코스닥,금융 지원 서비스업,2024-02-29,krx-kind
473950,SK증권제13호스팩,코스닥,금융 지원 서비스업,2024-07-25,krx-kind
473980,노머스,코스닥,창작 및 예술관련 서비스업,2024-11-12,krx-kind
474170,루미르,코스닥,"항공기,우주선 및 부품 제조업",2024-10-21,krx-kind
474490,유안타제16호스팩,코스닥,금융 지원 서비스업,2024-05-02,krx-kind
474610,RF시스템즈,코스닥,기타 금속 가공제품 제조업,2024-11-19,krx-kind
474650,링크솔루션,코스닥,특수 목적용 기계 제조업,2025-06-10,krx-kind
474660,신한제12호스팩,코스닥,금융 지원 서비스업,2024-04-15,krx-kind
474930,신한제13호스팩,코스닥,금융 지원 서비스업,2024-04-22,krx-kind
475040,스트라드비젼,코스닥,소프트웨어 개발 및 공급업,2026-06-30,krx-kind
475150,SK이터닉스,유가,건물 건설업,2024-03-29,krx-kind
475230,엔알비,코스닥,기타 금속 가공제품 제조업,2025-07-28,krx-kind
475240,하나32호스팩,코스닥,금융 지원 서비스업,2024-03-27,krx-kind
475250,하나33호스팩,코스닥,금융 지원 서비스업,2024-04-24,krx-kind
475400,씨메스로보틱스,코스닥,특수 목적용 기계 제조업,2024-10-24,krx-kind
475430,키스트론,코스닥,절연선 및 케이블 제조업,2025-06-02,krx-kind
475460,미트박스,코스닥,기타 정보 서비스업,2025-01-23,krx-kind
475560,더본코리아,유가,상품 종합 도매업,2024-11-06,krx-kind
475580,에이럭스,코스닥,그외 기타 제품 제조업,2024-11-01,krx-kind
475660,에스켐,코스닥,기타 화학제품 제조업,2024-11-18,krx-kind
475830,오름테라퓨틱,코스닥,기초 의약물질 제조업,2025-02-14,krx-kind
475960,토모큐브,코스닥,사진장비 및 광학기기 제조업,2024-11-07,krx-kind
476040,오가노이드사이언스,코스닥,자연과학 및 공학 연구개발업,2025-05-09,krx-kind
476060,온코닉테라퓨틱스,코스닥,자연과학 및 공학 연구개발업,2024-12-19,krx-kind
476080,M83,코스닥,"영화, 비디오물, 방송프로그램 제작 및 배급업",2024-08-22,krx-kind
476710,타조이엔터테인먼트,코넥스,창작 및 예술관련 서비스업,2024-10-30,krx-kind
476830,알지노믹스,코스닥,자연과학 및 공학 연구개발업,2025-12-18,krx-kind
477340,에이치엠씨제7호스팩,코스닥,금융 지원 서비스업,2024-06-24,krx-kind
477380,미래에셋비전스팩4호,코스닥,금융 지원 서비스업,2024-05-29,krx-kind
477470,미래에셋비전스팩5호,코스닥,금융 지원 서비스업,2024-06-19,krx-kind
477760,디비금융스팩12호,코스닥,기타 금융업,2024-06-18,krx-kind
477850,마키나락스,코스닥,소프트웨어 개발 및 공급업,2026-05-20,krx-kind
478110,이베스트스팩6호,코스닥,금융 지원 서비스업,2024-07-12,krx-kind
478340,나라스페이스테크놀로지,코스닥,"항공기,우주선 및 부품 제조업",2025-12-17,krx-kind
478390,KB제29호스팩,코스닥,금융 지원 서비스업,2024-06-21,krx-kind
478440,미래에셋비전스팩6호,코스닥,금융 지원 서비스업,2024-06-24,krx-kind
478560,블랙야크아이앤씨,코스닥,신발 및 신발 부분품 제조업,2025-01-21,krx-kind
479880,한국제15호스팩,코스닥,금융 지원 서비스업,2024-06-26,krx-kind
479960,위너스일렉,코스닥,기타 전기장비 제조업,2025-02-24,krx-kind
480370,씨케이솔루션,유가,일반 목적용 기계 제조업,2025-03-17,krx-kind
481070,에이유브랜즈,코스닥,"섬유, 의복, 신발 및 가죽제품 소매업",2025-04-03,krx-kind
481850,신한글로벌액티브리츠,유가,신탁업 및 집합투자업,2024-07-01,krx-kind
481890,엔에이치스팩31호,코스닥,금융 지원 서비스업,2024-07-26,krx-kind
482520,교보16호스팩,코스닥,금융 지원 서비스업,2024-08-13,krx-kind
482630,삼양엔씨켐,코스닥,기타 화학제품 제조업,2025-02-03,krx-kind
482680,미래에셋비전스팩7호,코스닥,금융 지원 서비스업,2024-09-11,krx-kind
482690,대신밸런스제19호스팩,코스닥,금융 지원 서비스업,2024-11-20,krx-kind
483350,딜리셔스,코스닥,무점포 소매업,2026-08-12,krx-kind
483650,달바글로벌,유가,기타 화학제품 제조업,2025-05-22,krx-kind
484120,도우인시스,코스닥,전자부품 제조업,2025-07-23,krx-kind
484130,하나34호스팩,코스닥,금융 지원 서비스업,2024-11-19,krx-kind
484590,삼양컴텍,코스닥,무기 및 총포탄 제조업,2025-08-18,krx-kind
484810,티엑스알로보틱스,코스닥,일반 목적용 기계 제조업,2025-03-20,krx-kind
484870,엠앤씨솔루션,유가,특수 목적용 기계 제조업,2024-12-16,krx-kind
486630,KB제30호스팩,코스닥,금융 지원 서비스업,2024-09-25,krx-kind
486990,노타,코스닥,소프트웨어 개발 및 공급업,2025-11-03,krx-kind
487360,신한제14호스팩,코스닥,금융 지원 서비스업,2024-12-23,krx-kind
487400,케이앤에스아이앤씨,코스닥,통신 및 방송 장비 제조업,2026-08-13,krx-kind
487570,HS효성,유가,기타 금융업,2024-07-29,krx-kind
487580,폴레드,코스닥,가정용 기기 제조업,2026-05-14,krx-kind
487720,키움제10호스팩,코스닥,금융 지원 서비스업,2024-12-20,krx-kind
487830,신한제15호스팩,코스닥,금융 지원 서비스업,2024-11-15,krx-kind
488060,유진스팩11호,코스닥,금융 지원 서비스업,2024-10-31,krx-kind
488280,에스투더블유,코스닥,소프트웨어 개발 및 공급업,2025-09-19,krx-kind
488900,비츠로넥스텍,코스닥,"항공기,우주선 및 부품 제조업",2025-11-21,krx-kind
489210,교보17호스팩,코스닥,금융 지원 서비스업,2024-11-21,krx-kind
489460,바이오비쥬,코스닥,기타 화학제품 제조업,2025-05-20,krx-kind
489480,키움제11호스팩,코스닥,금융 지원 서비스업,2024-12-11,krx-kind
489500,엘케이켐,코스닥,기타 화학제품 제조업,2025-02-25,krx-kind
489730,디비금융제13호스팩,코스닥,기타 금융업,2024-11-28,krx-kind
489790,한화비전,유가,통신 및 방송 장비 제조업,2024-09-27,krx-kind
490470,세미파이브,코스닥,"건축기술, 엔지니어링 및 관련 기술 서비스업",2025-12-29,krx-kind
491000,리브스메드,코스닥,의료용 기기 제조업,2025-12-24,krx-kind
492220,KB제31호스팩,코스닥,금융 지원 서비스업,2024-12-12,krx-kind
493280,아이엠바이오로직스,코스닥,자연과학 및 공학 연구개발업,2026-03-20,krx-kind
493330,지에프아이,코스닥,일반 목적용 기계 제조업,2026-01-14,krx-kind
493790,유안타제17호스팩,코스닥,금융 지원 서비스업,2025-01-23,krx-kind
494120,큐리오시스,코스닥,사진장비 및 광학기기 제조업,2025-11-13,krx-kind
495810,유비씨,코넥스,소프트웨어 개발 및 공급업,2024-12-23,krx-kind
496070,신한제16호스팩,코스닥,금융 지원 서비스업,2025-05-29,krx-kind
496320,본시스템즈,코넥스,특수 목적용 기계 제조업,2025-09-08,krx-kind
498390,한화플러스제5호스팩,코스닥,금융 지원 서비스업,2025-03-20,krx-kind
499790,GS피앤엘,유가,기타 금융업,2024-12-23,krx-kind
900070,글로벌에스엠,코스닥,기타 금융업,2009-12-23,krx-kind
900100,파이온엑스,코스닥,자동차 부품 및 내장품 판매업,2010-04-21,krx-kind
900110,딥커머스,코스닥,기타 금융업,2010-04-23,krx-kind
900120,씨엑스아이,코스닥,기타 금융업,2010-03-31,krx-kind
900140,엘브이엠씨,유가,자동차 판매업,2010-11-30,krx-kind
900250,크리스탈신소재,코스닥,기타 금융업,2016-01-28,krx-kind
900260,로스웰,코스닥,기타 금융업,2016-06-30,krx-kind
900270,헝셩그룹,코스닥,기타 금융업,2016-08-18,krx-kind
900290,GRT,코스닥,기타 금융업,2016-10-25,krx-kind
900300,오가닉티코스메틱,코스닥,기타 금융업,2016-11-04,krx-kind
900310,컬러레이,코스닥,기타 금융업,2017-08-10,krx-kind
900340,윙입푸드,코스닥,기타 금융업,2018-11-30,krx-kind
950130,엑세스바이오,코스닥,의료용품 및 기타 의약 관련제품 제조업,2013-05-30,krx-kind
950140,잉글우드랩,코스닥,기타 화학제품 제조업,2016-10-14,krx-kind
950160,코오롱티슈진,코스닥,기초 의약물질 제조업,2017-11-06,krx-kind
950170,JTC,코스닥,종합 소매업,2018-04-06,krx-kind
950190,고스트스튜디오,코스닥,소프트웨어 개발 및 공급업,2020-08-18,krx-kind
950200,소마젠,코스닥,"그외 기타 전문, 과학 및 기술 서비스업",2020-07-13,krx-kind
950210,프레스티지바이오파마,유가,자연과학 및 공학 연구개발업,2021-02-05,krx-kind
950220,네오이뮨텍,코스닥,자연과학 및 공학 연구개발업,2021-03-16,krx-kind
950250,테라뷰,코스닥,기타 금융업,2025-12-09,krx-kind
950260,인제니아테라퓨틱스,코스닥,자연과학 및 공학 연구개발업,2026-08-18,krx-kind
